ngay,loai,ma_bravo,so_luong,don_gia,thanh_tien,ghi_chu
2025-07-01,ton_dau,TH.AR.A01.0057,1.0,26733000.0,26733000.0,Tồn đầu kỳ import
2025-07-01,ton_dau,TH.AR.A01.0180,3.0,38064600.0,114193800.0,Tồn đầu kỳ import
2025-07-01,ton_dau,TH.AR.A01.0123,3.0,13872600.0,41617800.0,Tồn đầu kỳ import
2025-07-01,ton_dau,TH.AR.A01.0182,3.0,10306799.999999998,30920400.0,Tồn đầu kỳ import
2025-07-01,ton_dau,TH.AR.A01.0183,3.0,6249599.999999999,18748800.0,Tồn đầu kỳ import
2025-07-01,ton_dau,TH.AR.A01.0126,3.0,1663200.0,4989600.0,Tồn đầu kỳ import
2025-07-01,ton_dau,TH.AR.A01.0056,2.0,12448799.999999998,24897600.0,Tồn đầu kỳ import
2025-07-01,ton_dau,TH.AR.A01.0201,3.0,12448799.999999998,37346400.0,Tồn đầu kỳ import
2025-07-01,ton_dau,TH.AR.A01.0203,3.0,12448799.999999998,37346400.0,Tồn đầu kỳ import
2025-07-01,ton_dau,TH.AR.A01.0197,4.0,12448799.999999998,49795200.0,Tồn đầu kỳ import
2025-07-01,ton_dau,TH.AR.A02.0089,4.0,907200.0,3628800.0,Tồn đầu kỳ import
2025-07-01,ton_dau,TH.AR.A01.0171,3.0,8555400.0,25666200.0,Tồn đầu kỳ import
2025-07-01,ton_dau,TH.AR.A01.0136,3.0,5443200.0,16329600.0,Tồn đầu kỳ import
2025-07-01,ton_dau,TH.AR.A01.0020,1.0,14036400.0,14036400.0,Tồn đầu kỳ import
2025-07-01,ton_dau,TH.AR.A01.0019,3.0,18043200.0,54129600.0,Tồn đầu kỳ import
2025-07-01,ton_dau,TH.AR.A01.0187,1.0,23394000.0,23394000.0,Tồn đầu kỳ import
2025-07-01,ton_dau,TH.AR.A01.0018,1.0,18219600.0,18219600.0,Tồn đầu kỳ import
2025-07-01,ton_dau,TH.AR.A01.0044,1.0,12364800.000000002,12364800.0,Tồn đầu kỳ import
2025-07-01,ton_dau,TH.AR.A01.0051,1.0,8013599.999999999,8013600.0,Tồn đầu kỳ import
2025-07-01,ton_dau,TH.AR.A01.0108,3.0,7849800.0,23549400.0,Tồn đầu kỳ import
2025-07-01,ton_dau,TH.AR.A01.0034,1.0,6010199.999999998,6010200.0,Tồn đầu kỳ import
2025-07-01,ton_dau,TH.AR.A01.0021,1.0,17211600.0,17211600.0,Tồn đầu kỳ import
2025-07-01,ton_dau,TH.AR.A01.0022,1.0,17211600.0,17211600.0,Tồn đầu kỳ import
2025-07-01,ton_dau,TH.AR.A01.0039,1.0,44100000.0,44100000.0,Tồn đầu kỳ import
2025-07-01,ton_dau,TH.AR.A01.0036,1.0,2331000.0,2331000.0,Tồn đầu kỳ import
2025-07-01,ton_dau,TH.AR.A01.0035,1.0,2331000.0,2331000.0,Tồn đầu kỳ import
2025-07-01,ton_dau,TH.AR.A01.0038,1.0,2331000.0,2331000.0,Tồn đầu kỳ import
2025-07-01,ton_dau,TH.AR.A01.0037,1.0,2331000.0,2331000.0,Tồn đầu kỳ import
2025-07-01,ton_dau,TH.AR.A01.0109,1.0,4510800.0,4510800.0,Tồn đầu kỳ import
2025-07-01,ton_dau,TH.AR.A01.0322,4.0,8442000.0,33768000.0,Tồn đầu kỳ import
2025-07-01,ton_dau,TH.AR.A01.0128,3.0,8442000.0,25326000.0,Tồn đầu kỳ import
2025-07-01,ton_dau,TH.AR.A01.0129,3.0,8442000.0,25326000.0,Tồn đầu kỳ import
2025-07-01,ton_dau,TH.AR.A01.0024,1.0,4674600.0,4674600.0,Tồn đầu kỳ import
2025-07-01,ton_dau,TH.ZZ.X01.0068,1.0,0.0,0.0,Tồn đầu kỳ import
2025-07-01,ton_dau,TH.AR.A01.0057,2.0,26733000.0,53466000.0,Tồn đầu kỳ import
2025-07-01,ton_dau,TH.AR.A01.0081,3.0,2331000.0,6993000.0,Tồn đầu kỳ import
2025-07-01,ton_dau,TH.AR.A01.0085,3.0,3339000.0,10017000.0,Tồn đầu kỳ import
2025-07-01,ton_dau,TH.AR.A01.0084,3.0,2167200.0,6501600.0,Tồn đầu kỳ import
2025-07-01,ton_dau,TH.AR.A01.0122,3.0,6514200.0,19542600.0,Tồn đầu kỳ import
2025-07-01,ton_dau,TH.AR.A01.0042,1.0,1159200.0,1159200.0,Tồn đầu kỳ import
2025-07-01,ton_dau,TH.AR.A01.0003,5.0,447300.0,2236500.0,Tồn đầu kỳ import
2025-07-01,ton_dau,TH.AR.A01.0119,3.0,2167200.0,6501600.0,Tồn đầu kỳ import
2025-07-01,ton_dau,TH.AR.A01.0114,3.0,3339000.0,10017000.0,Tồn đầu kỳ import
2025-07-01,ton_dau,TH.AR.A01.0113,3.0,2167200.0,6501600.0,Tồn đầu kỳ import
2025-07-01,ton_dau,TH.AR.A01.0116,3.0,3339000.0,10017000.0,Tồn đầu kỳ import
2025-07-01,ton_dau,TH.AR.A01.0115,3.0,2167200.0,6501600.0,Tồn đầu kỳ import
2025-07-01,ton_dau,TH.AR.A01.0118,3.0,3339000.0,10017000.0,Tồn đầu kỳ import
2025-07-01,ton_dau,TH.AR.A01.0117,3.0,2167200.0,6501600.0,Tồn đầu kỳ import
2025-07-01,ton_dau,TH.AR.A01.0125,3.0,5896800.0,17690400.0,Tồn đầu kỳ import
2025-07-01,ton_dau,TH.AR.A01.0032,1.0,4510800.0,4510800.0,Tồn đầu kỳ import
2025-07-01,ton_dau,TH.AR.A01.0031,1.0,4510800.0,4510800.0,Tồn đầu kỳ import
2025-07-01,ton_dau,TH.AR.A01.0030,1.0,831600.0,831600.0,Tồn đầu kỳ import
2025-07-01,ton_dau,TH.AR.A01.0052,4.0,2835000.0,11340000.0,Tồn đầu kỳ import
2025-07-01,ton_dau,TH.AR.A01.0180,1.0,38064600.0,38064600.0,Tồn đầu kỳ import
2025-07-01,ton_dau,TH.AR.A01.0123,1.0,13872600.0,13872600.0,Tồn đầu kỳ import
2025-07-01,ton_dau,TH.AR.A01.0182,1.0,10306799.999999998,10306800.0,Tồn đầu kỳ import
2025-07-01,ton_dau,TH.AR.A01.0183,1.0,6249599.999999999,6249600.0,Tồn đầu kỳ import
2025-07-01,ton_dau,TH.AR.A01.0126,1.0,1663200.0,1663200.0,Tồn đầu kỳ import
2025-07-01,ton_dau,TH.AR.A01.0137,1.0,5342399.999999999,5342400.0,Tồn đầu kỳ import
2025-07-01,ton_dau,TH.AR.A01.0056,1.0,12448799.999999998,12448800.0,Tồn đầu kỳ import
2025-07-01,ton_dau,TH.AR.A01.0201,1.0,12448799.999999998,12448800.0,Tồn đầu kỳ import
2025-07-01,ton_dau,TH.AR.A01.0203,1.0,12448799.999999998,12448800.0,Tồn đầu kỳ import
2025-07-01,ton_dau,TH.AR.A01.0197,1.0,12448799.999999998,12448800.0,Tồn đầu kỳ import
2025-07-01,ton_dau,TH.AR.A02.0089,1.0,907200.0,907200.0,Tồn đầu kỳ import
2025-07-01,ton_dau,TH.AR.A01.0171,1.0,8555400.0,8555400.0,Tồn đầu kỳ import
2025-07-01,ton_dau,TH.AR.A01.0136,1.0,5443200.0,5443200.0,Tồn đầu kỳ import
2025-07-01,ton_dau,TH.AR.A01.0020,1.0,14036400.0,14036400.0,Tồn đầu kỳ import
2025-07-01,ton_dau,TH.AR.A01.0019,1.0,18043200.0,18043200.0,Tồn đầu kỳ import
2025-07-01,ton_dau,TH.AR.A01.0018,1.0,18219600.0,18219600.0,Tồn đầu kỳ import
2025-07-01,ton_dau,TH.AR.A01.0048,1.0,5506200.0,5506200.0,Tồn đầu kỳ import
2025-07-01,ton_dau,TH.AR.A01.0045,1.0,7522200.0,7522200.0,Tồn đầu kỳ import
2025-07-01,ton_dau,TH.AR.A01.0051,1.0,8013599.999999999,8013600.0,Tồn đầu kỳ import
2025-07-01,ton_dau,TH.AR.A01.0108,1.0,7849800.0,7849800.0,Tồn đầu kỳ import
2025-07-01,ton_dau,TH.AR.A01.0034,1.0,6010199.999999998,6010200.0,Tồn đầu kỳ import
2025-07-01,ton_dau,TH.AR.A01.0022,1.0,17211600.0,17211600.0,Tồn đầu kỳ import
2025-07-01,ton_dau,TH.AR.A01.0039,1.0,44100000.0,44100000.0,Tồn đầu kỳ import
2025-07-01,ton_dau,TH.AR.A01.0036,1.0,2331000.0,2331000.0,Tồn đầu kỳ import
2025-07-01,ton_dau,TH.AR.A01.0035,1.0,2331000.0,2331000.0,Tồn đầu kỳ import
2025-07-01,ton_dau,TH.AR.A01.0038,1.0,2331000.0,2331000.0,Tồn đầu kỳ import
2025-07-01,ton_dau,TH.AR.A01.0037,1.0,2331000.0,2331000.0,Tồn đầu kỳ import
2025-07-01,ton_dau,TH.AR.A01.0109,1.0,4510800.0,4510800.0,Tồn đầu kỳ import
2025-07-01,ton_dau,TH.AR.A01.0322,1.0,8442000.0,8442000.0,Tồn đầu kỳ import
2025-07-01,ton_dau,TH.AR.A01.0128,1.0,8442000.0,8442000.0,Tồn đầu kỳ import
2025-07-01,ton_dau,TH.AR.A01.0129,1.0,8442000.0,8442000.0,Tồn đầu kỳ import
2025-07-01,ton_dau,TH.AR.A01.0024,1.0,4674600.0,4674600.0,Tồn đầu kỳ import
2025-07-01,ton_dau,TH.AR.A01.0130,1.0,3225600.0,3225600.0,Tồn đầu kỳ import
2025-07-01,ton_dau,TH.AR.A01.0131,1.0,3225600.0,3225600.0,Tồn đầu kỳ import
2025-07-01,ton_dau,TH.AR.A01.0132,1.0,3225600.0,3225600.0,Tồn đầu kỳ import
2025-07-01,ton_dau,TH.AR.A01.0081,1.0,2331000.0,2331000.0,Tồn đầu kỳ import
2025-07-01,ton_dau,TH.AR.A01.0085,1.0,3339000.0,3339000.0,Tồn đầu kỳ import
2025-07-01,ton_dau,TH.AR.A01.0084,1.0,2167200.0,2167200.0,Tồn đầu kỳ import
2025-07-01,ton_dau,TH.AR.A01.0122,1.0,6514200.0,6514200.0,Tồn đầu kỳ import
2025-07-01,ton_dau,TH.AR.A01.0042,1.0,1159200.0,1159200.0,Tồn đầu kỳ import
2025-07-01,ton_dau,TH.AR.A01.0003,1.0,447300.0,447300.0,Tồn đầu kỳ import
2025-07-01,ton_dau,TH.AR.A01.0119,1.0,2167200.0,2167200.0,Tồn đầu kỳ import
2025-07-01,ton_dau,TH.AR.A01.0114,1.0,3339000.0,3339000.0,Tồn đầu kỳ import
2025-07-01,ton_dau,TH.AR.A01.0113,1.0,2167200.0,2167200.0,Tồn đầu kỳ import
2025-07-01,ton_dau,TH.AR.A01.0116,1.0,3339000.0,3339000.0,Tồn đầu kỳ import
2025-07-01,ton_dau,TH.AR.A01.0115,1.0,2167200.0,2167200.0,Tồn đầu kỳ import
2025-07-01,ton_dau,TH.AR.A01.0118,1.0,3339000.0,3339000.0,Tồn đầu kỳ import
2025-07-01,ton_dau,TH.AR.A01.0117,1.0,2167200.0,2167200.0,Tồn đầu kỳ import
2025-07-01,ton_dau,TH.AR.A01.0125,1.0,5896800.0,5896800.0,Tồn đầu kỳ import
2025-07-01,ton_dau,TH.AR.A01.0032,1.0,4510800.0,4510800.0,Tồn đầu kỳ import
2025-07-01,ton_dau,TH.AR.A01.0031,1.0,4510800.0,4510800.0,Tồn đầu kỳ import
2025-07-01,ton_dau,TH.AR.A01.0030,1.0,831600.0,831600.0,Tồn đầu kỳ import
2025-07-01,ton_dau,TH.AR.A02.0080,1.0,504000.0,504000.0,Tồn đầu kỳ import
2025-07-01,ton_dau,TH.AR.A01.0052,1.0,2835000.0,2835000.0,Tồn đầu kỳ import
2025-07-01,ton_dau,TH.AR.A01.0138,1.0,16590000.0,16590000.0,Tồn đầu kỳ import
2025-07-01,ton_dau,TH.AR.A01.0140,1.0,2835000.0,2835000.0,Tồn đầu kỳ import
2025-07-01,ton_dau,TH.AR.A01.0139,1.0,2835000.0,2835000.0,Tồn đầu kỳ import
2025-07-01,ton_dau,TH.AR.A01.0123,2.0,13872600.0,27745200.0,Tồn đầu kỳ import
2025-07-01,ton_dau,TH.AR.A01.0126,2.0,1663200.0,3326400.0,Tồn đầu kỳ import
2025-07-01,ton_dau,TH.AR.A01.0056,4.0,12448799.999999998,49795200.0,Tồn đầu kỳ import
2025-07-01,ton_dau,TH.AR.A01.0201,2.0,12448799.999999998,24897600.0,Tồn đầu kỳ import
2025-07-01,ton_dau,TH.AR.A01.0203,2.0,12448799.999999998,24897600.0,Tồn đầu kỳ import
2025-07-01,ton_dau,TH.AR.A01.0197,2.0,12448799.999999998,24897600.0,Tồn đầu kỳ import
2025-07-01,ton_dau,TH.AR.A02.0089,2.0,907200.0,1814400.0,Tồn đầu kỳ import
2025-07-01,ton_dau,TH.AR.A01.0171,2.0,8555400.0,17110800.0,Tồn đầu kỳ import
2025-07-01,ton_dau,TH.AR.A01.0136,2.0,5443200.0,10886400.0,Tồn đầu kỳ import
2025-07-01,ton_dau,TH.AR.A01.0019,2.0,18043200.0,36086400.0,Tồn đầu kỳ import
2025-07-01,ton_dau,TH.AR.A01.0018,4.0,18219600.0,72878400.0,Tồn đầu kỳ import
2025-07-01,ton_dau,TH.AR.A01.0048,4.0,5506200.0,22024800.0,Tồn đầu kỳ import
2025-07-01,ton_dau,TH.AR.A01.0045,4.0,7522200.0,30088800.0,Tồn đầu kỳ import
2025-07-01,ton_dau,TH.AR.A01.0051,4.0,8013599.999999999,32054400.0,Tồn đầu kỳ import
2025-07-01,ton_dau,TH.AR.A01.0108,2.0,7849800.0,15699600.0,Tồn đầu kỳ import
2025-07-01,ton_dau,TH.AR.A01.0022,4.0,17211600.0,68846400.0,Tồn đầu kỳ import
2025-07-01,ton_dau,TH.AR.A01.0039,4.0,44100000.0,176400000.0,Tồn đầu kỳ import
2025-07-01,ton_dau,TH.AR.A01.0109,4.0,4510800.0,18043200.0,Tồn đầu kỳ import
2025-07-01,ton_dau,TH.AR.A01.0322,2.0,8442000.0,16884000.0,Tồn đầu kỳ import
2025-07-01,ton_dau,TH.AR.A01.0128,2.0,8442000.0,16884000.0,Tồn đầu kỳ import
2025-07-01,ton_dau,TH.AR.A01.0129,2.0,8442000.0,16884000.0,Tồn đầu kỳ import
2025-07-01,ton_dau,TH.AR.A01.0024,4.0,4674600.0,18698400.0,Tồn đầu kỳ import
2025-07-01,ton_dau,TH.ZZ.X01.0068,2.0,0.0,0.0,Tồn đầu kỳ import
2025-07-01,ton_dau,TH.AR.A01.0081,2.0,2331000.0,4662000.0,Tồn đầu kỳ import
2025-07-01,ton_dau,TH.AR.A01.0085,2.0,3339000.0,6678000.0,Tồn đầu kỳ import
2025-07-01,ton_dau,TH.AR.A01.0084,2.0,2167200.0,4334400.0,Tồn đầu kỳ import
2025-07-01,ton_dau,TH.AR.A01.0122,2.0,6514200.0,13028400.0,Tồn đầu kỳ import
2025-07-01,ton_dau,TH.AR.A01.0042,4.0,1159200.0,4636800.0,Tồn đầu kỳ import
2025-07-01,ton_dau,TH.AR.A01.0003,2.0,447300.0,894600.0,Tồn đầu kỳ import
2025-07-01,ton_dau,TH.AR.A01.0119,2.0,2167200.0,4334400.0,Tồn đầu kỳ import
2025-07-01,ton_dau,TH.AR.A01.0114,2.0,3339000.0,6678000.0,Tồn đầu kỳ import
2025-07-01,ton_dau,TH.AR.A01.0113,2.0,2167200.0,4334400.0,Tồn đầu kỳ import
2025-07-01,ton_dau,TH.AR.A01.0116,2.0,3339000.0,6678000.0,Tồn đầu kỳ import
2025-07-01,ton_dau,TH.AR.A01.0115,2.0,2167200.0,4334400.0,Tồn đầu kỳ import
2025-07-01,ton_dau,TH.AR.A01.0118,2.0,3339000.0,6678000.0,Tồn đầu kỳ import
2025-07-01,ton_dau,TH.AR.A01.0117,2.0,2167200.0,4334400.0,Tồn đầu kỳ import
2025-07-01,ton_dau,TH.AR.A01.0125,2.0,5896800.0,11793600.0,Tồn đầu kỳ import
2025-07-01,ton_dau,TH.AR.A01.0032,4.0,4510800.0,18043200.0,Tồn đầu kỳ import
2025-07-01,ton_dau,TH.AR.A01.0031,4.0,4510800.0,18043200.0,Tồn đầu kỳ import
2025-07-01,ton_dau,TH.AR.A01.0030,2.0,831600.0,1663200.0,Tồn đầu kỳ import
2025-07-01,ton_dau,TH.AR.A04.0009,1.0,3754800.0,3754800.0,Tồn đầu kỳ import
2025-07-01,ton_dau,TH.AR.A01.0052,2.0,2835000.0,5670000.0,Tồn đầu kỳ import
2025-07-01,ton_dau,TH.AR.A01.0180,2.0,38064600.0,76129200.0,Tồn đầu kỳ import
2025-07-01,ton_dau,TH.AR.A01.0123,2.0,13872600.0,27745200.0,Tồn đầu kỳ import
2025-07-01,ton_dau,TH.AR.A01.0182,2.0,10306799.999999998,20613600.0,Tồn đầu kỳ import
2025-07-01,ton_dau,TH.AR.A01.0183,2.0,6249599.999999999,12499200.0,Tồn đầu kỳ import
2025-07-01,ton_dau,TH.AR.A01.0126,2.0,1663200.0,3326400.0,Tồn đầu kỳ import
2025-07-01,ton_dau,TH.AR.A01.0137,1.0,5342399.999999999,5342400.0,Tồn đầu kỳ import
2025-07-01,ton_dau,TH.AR.A01.0056,1.0,12448799.999999998,12448800.0,Tồn đầu kỳ import
2025-07-01,ton_dau,TH.AR.A01.0201,3.0,12448799.999999998,37346400.0,Tồn đầu kỳ import
2025-07-01,ton_dau,TH.AR.A01.0203,2.0,12448799.999999998,24897600.0,Tồn đầu kỳ import
2025-07-01,ton_dau,TH.AR.A01.0197,2.0,12448799.999999998,24897600.0,Tồn đầu kỳ import
2025-07-01,ton_dau,TH.AR.A02.0089,2.0,907200.0,1814400.0,Tồn đầu kỳ import
2025-07-01,ton_dau,TH.AR.A01.0188,1.0,74109000.0,74109000.0,Tồn đầu kỳ import
2025-07-01,ton_dau,TH.AR.A01.0171,2.0,8555400.0,17110800.0,Tồn đầu kỳ import
2025-07-01,ton_dau,TH.AR.A01.0136,2.0,5443200.0,10886400.0,Tồn đầu kỳ import
2025-07-01,ton_dau,TH.AR.A01.0020,1.0,14036400.0,14036400.0,Tồn đầu kỳ import
2025-07-01,ton_dau,TH.AR.A01.0019,2.0,18043200.0,36086400.0,Tồn đầu kỳ import
2025-07-01,ton_dau,TH.AR.A01.0018,1.0,18219600.0,18219600.0,Tồn đầu kỳ import
2025-07-01,ton_dau,TH.AR.A01.0048,1.0,5506200.0,5506200.0,Tồn đầu kỳ import
2025-07-01,ton_dau,TH.AR.A01.0045,1.0,7522200.0,7522200.0,Tồn đầu kỳ import
2025-07-01,ton_dau,TH.AR.A01.0051,1.0,8013599.999999999,8013600.0,Tồn đầu kỳ import
2025-07-01,ton_dau,TH.AR.A01.0108,2.0,7849800.0,15699600.0,Tồn đầu kỳ import
2025-07-01,ton_dau,TH.AR.A01.0034,1.0,6010199.999999998,6010200.0,Tồn đầu kỳ import
2025-07-01,ton_dau,TH.AR.A01.0022,1.0,17211600.0,17211600.0,Tồn đầu kỳ import
2025-07-01,ton_dau,TH.AR.A01.0039,1.0,44100000.0,44100000.0,Tồn đầu kỳ import
2025-07-01,ton_dau,TH.AR.A01.0036,1.0,2331000.0,2331000.0,Tồn đầu kỳ import
2025-07-01,ton_dau,TH.AR.A01.0035,1.0,2331000.0,2331000.0,Tồn đầu kỳ import
2025-07-01,ton_dau,TH.AR.A01.0038,1.0,2331000.0,2331000.0,Tồn đầu kỳ import
2025-07-01,ton_dau,TH.AR.A01.0037,1.0,2331000.0,2331000.0,Tồn đầu kỳ import
2025-07-01,ton_dau,TH.AR.A01.0109,1.0,4510800.0,4510800.0,Tồn đầu kỳ import
2025-07-01,ton_dau,TH.AR.A01.0322,2.0,8442000.0,16884000.0,Tồn đầu kỳ import
2025-07-01,ton_dau,TH.AR.A01.0128,2.0,8442000.0,16884000.0,Tồn đầu kỳ import
2025-07-01,ton_dau,TH.AR.A01.0129,2.0,8442000.0,16884000.0,Tồn đầu kỳ import
2025-07-01,ton_dau,TH.AR.A01.0024,1.0,4674600.0,4674600.0,Tồn đầu kỳ import
2025-07-01,ton_dau,TH.AR.A01.0130,1.0,3225600.0,3225600.0,Tồn đầu kỳ import
2025-07-01,ton_dau,TH.AR.A01.0131,1.0,3225600.0,3225600.0,Tồn đầu kỳ import
2025-07-01,ton_dau,TH.AR.A01.0132,1.0,3225600.0,3225600.0,Tồn đầu kỳ import
2025-07-01,ton_dau,TH.AR.A01.0081,2.0,2331000.0,4662000.0,Tồn đầu kỳ import
2025-07-01,ton_dau,TH.AR.A01.0085,2.0,3339000.0,6678000.0,Tồn đầu kỳ import
2025-07-01,ton_dau,TH.AR.A01.0084,2.0,2167200.0,4334400.0,Tồn đầu kỳ import
2025-07-01,ton_dau,TH.AR.A01.0122,2.0,6514200.0,13028400.0,Tồn đầu kỳ import
2025-07-01,ton_dau,TH.AR.A01.0042,1.0,1159200.0,1159200.0,Tồn đầu kỳ import
2025-07-01,ton_dau,TH.AR.A01.0003,1.0,447300.0,447300.0,Tồn đầu kỳ import
2025-07-01,ton_dau,TH.AR.A01.0119,2.0,2167200.0,4334400.0,Tồn đầu kỳ import
2025-07-01,ton_dau,TH.AR.A01.0114,2.0,3339000.0,6678000.0,Tồn đầu kỳ import
2025-07-01,ton_dau,TH.AR.A01.0113,2.0,2167200.0,4334400.0,Tồn đầu kỳ import
2025-07-01,ton_dau,TH.AR.A01.0116,2.0,3339000.0,6678000.0,Tồn đầu kỳ import
2025-07-01,ton_dau,TH.AR.A01.0115,2.0,2167200.0,4334400.0,Tồn đầu kỳ import
2025-07-01,ton_dau,TH.AR.A01.0118,2.0,3339000.0,6678000.0,Tồn đầu kỳ import
2025-07-01,ton_dau,TH.AR.A01.0117,2.0,2167200.0,4334400.0,Tồn đầu kỳ import
2025-07-01,ton_dau,TH.AR.A01.0125,2.0,5896800.0,11793600.0,Tồn đầu kỳ import
2025-07-01,ton_dau,TH.AR.A01.0032,1.0,4510800.0,4510800.0,Tồn đầu kỳ import
2025-07-01,ton_dau,TH.AR.A01.0031,1.0,4510800.0,4510800.0,Tồn đầu kỳ import
2025-07-01,ton_dau,TH.AR.A01.0030,1.0,831600.0,831600.0,Tồn đầu kỳ import
2025-07-01,ton_dau,TH.AR.A02.0080,1.0,504000.0,504000.0,Tồn đầu kỳ import
2025-07-01,ton_dau,TH.AR.A01.0052,2.0,2835000.0,5670000.0,Tồn đầu kỳ import
2025-07-01,ton_dau,TH.AR.A01.0138,1.0,16590000.0,16590000.0,Tồn đầu kỳ import
2025-07-01,ton_dau,TH.AR.A01.0140,1.0,2835000.0,2835000.0,Tồn đầu kỳ import
2025-07-01,ton_dau,TH.AR.A01.0139,1.0,2835000.0,2835000.0,Tồn đầu kỳ import
2025-07-01,ton_dau,TH.AR.A01.0056,1.0,12448799.999999998,12448800.0,Tồn đầu kỳ import
2025-07-01,ton_dau,TH.AR.A02.0089,1.0,907200.0,907200.0,Tồn đầu kỳ import
2025-07-01,ton_dau,TH.AR.A01.0018,1.0,18219600.0,18219600.0,Tồn đầu kỳ import
2025-07-01,ton_dau,TH.AR.A01.0049,1.0,8353800.0,8353800.0,Tồn đầu kỳ import
2025-07-01,ton_dau,TH.AR.A01.0048,2.0,5506200.0,11012400.0,Tồn đầu kỳ import
2025-07-01,ton_dau,TH.AR.A01.0051,2.0,8013599.999999999,16027200.0,Tồn đầu kỳ import
2025-07-01,ton_dau,TH.AR.A01.0039,1.0,44100000.0,44100000.0,Tồn đầu kỳ import
2025-07-01,ton_dau,TH.AR.A01.0003,2.0,447300.0,894600.0,Tồn đầu kỳ import
2025-07-01,ton_dau,TH.AR.A01.0316,1.0,756000.0,756000.0,Tồn đầu kỳ import
2025-07-01,ton_dau,TH.AR.A01.0032,1.0,4510800.0,4510800.0,Tồn đầu kỳ import
2025-07-01,ton_dau,TH.AR.A01.0031,1.0,4510800.0,4510800.0,Tồn đầu kỳ import
2025-07-01,ton_dau,TH.AR.A01.0030,1.0,831600.0,831600.0,Tồn đầu kỳ import
2025-07-01,ton_dau,TH.AR.A01.0180,2.0,38064600.0,76129200.0,Tồn đầu kỳ import
2025-07-01,ton_dau,TH.AR.A01.0123,2.0,13872600.0,27745200.0,Tồn đầu kỳ import
2025-07-01,ton_dau,TH.AR.A01.0182,2.0,10306799.999999998,20613600.0,Tồn đầu kỳ import
2025-07-01,ton_dau,TH.AR.A01.0183,2.0,6249599.999999999,12499200.0,Tồn đầu kỳ import
2025-07-01,ton_dau,TH.AR.A01.0126,2.0,1663200.0,3326400.0,Tồn đầu kỳ import
2025-07-01,ton_dau,TH.AR.A01.0056,1.0,12448799.999999998,12448800.0,Tồn đầu kỳ import
2025-07-01,ton_dau,TH.AR.A01.0201,4.0,12448799.999999998,49795200.0,Tồn đầu kỳ import
2025-07-01,ton_dau,TH.AR.A01.0203,4.0,12448799.999999998,49795200.0,Tồn đầu kỳ import
2025-07-01,ton_dau,TH.AR.A01.0197,4.0,12448799.999999998,49795200.0,Tồn đầu kỳ import
2025-07-01,ton_dau,TH.AR.A02.0089,2.0,907200.0,1814400.0,Tồn đầu kỳ import
2025-07-01,ton_dau,TH.AR.A01.0171,2.0,8555400.0,17110800.0,Tồn đầu kỳ import
2025-07-01,ton_dau,TH.AR.A01.0136,2.0,5443200.0,10886400.0,Tồn đầu kỳ import
2025-07-01,ton_dau,TH.AR.A01.0019,4.0,18043200.0,72172800.0,Tồn đầu kỳ import
2025-07-01,ton_dau,TH.AR.A01.0187,1.0,23394000.0,23394000.0,Tồn đầu kỳ import
2025-07-01,ton_dau,TH.AR.A01.0018,1.0,18219600.0,18219600.0,Tồn đầu kỳ import
2025-07-01,ton_dau,TH.AR.A01.0048,1.0,5506200.0,5506200.0,Tồn đầu kỳ import
2025-07-01,ton_dau,TH.AR.A01.0051,1.0,8013599.999999999,8013600.0,Tồn đầu kỳ import
2025-07-01,ton_dau,TH.AR.A01.0108,2.0,7849800.0,15699600.0,Tồn đầu kỳ import
2025-07-01,ton_dau,TH.AR.A01.0039,1.0,44100000.0,44100000.0,Tồn đầu kỳ import
2025-07-01,ton_dau,TH.AR.A01.0322,2.0,8442000.0,16884000.0,Tồn đầu kỳ import
2025-07-01,ton_dau,TH.AR.A01.0128,2.0,8442000.0,16884000.0,Tồn đầu kỳ import
2025-07-01,ton_dau,TH.AR.A01.0129,2.0,8442000.0,16884000.0,Tồn đầu kỳ import
2025-07-01,ton_dau,TH.ZZ.X01.0068,1.0,0.0,0.0,Tồn đầu kỳ import
2025-07-01,ton_dau,TH.AR.A01.0057,1.0,26733000.0,26733000.0,Tồn đầu kỳ import
2025-07-01,ton_dau,TH.AR.A01.0081,2.0,2331000.0,4662000.0,Tồn đầu kỳ import
2025-07-01,ton_dau,TH.AR.A01.0085,2.0,3339000.0,6678000.0,Tồn đầu kỳ import
2025-07-01,ton_dau,TH.AR.A01.0084,2.0,2167200.0,4334400.0,Tồn đầu kỳ import
2025-07-01,ton_dau,TH.AR.A01.0122,2.0,6514200.0,13028400.0,Tồn đầu kỳ import
2025-07-01,ton_dau,TH.AR.A01.0003,2.0,447300.0,894600.0,Tồn đầu kỳ import
2025-07-01,ton_dau,TH.AR.A01.0119,2.0,2167200.0,4334400.0,Tồn đầu kỳ import
2025-07-01,ton_dau,TH.AR.A01.0114,2.0,3339000.0,6678000.0,Tồn đầu kỳ import
2025-07-01,ton_dau,TH.AR.A01.0113,2.0,2167200.0,4334400.0,Tồn đầu kỳ import
2025-07-01,ton_dau,TH.AR.A01.0116,2.0,3339000.0,6678000.0,Tồn đầu kỳ import
2025-07-01,ton_dau,TH.AR.A01.0115,2.0,2167200.0,4334400.0,Tồn đầu kỳ import
2025-07-01,ton_dau,TH.AR.A01.0118,2.0,3339000.0,6678000.0,Tồn đầu kỳ import
2025-07-01,ton_dau,TH.AR.A01.0117,2.0,2167200.0,4334400.0,Tồn đầu kỳ import
2025-07-01,ton_dau,TH.AR.A01.0125,2.0,5896800.0,11793600.0,Tồn đầu kỳ import
2025-07-01,ton_dau,TH.AR.A01.0032,1.0,4510800.0,4510800.0,Tồn đầu kỳ import
2025-07-01,ton_dau,TH.AR.A01.0031,1.0,4510800.0,4510800.0,Tồn đầu kỳ import
2025-07-01,ton_dau,TH.AR.A01.0030,1.0,831600.0,831600.0,Tồn đầu kỳ import
2025-07-01,ton_dau,TH.AR.A01.0052,4.0,2835000.0,11340000.0,Tồn đầu kỳ import
2025-07-01,ton_dau,TH.AR.A01.0180,2.0,38064600.0,76129200.0,Tồn đầu kỳ import
2025-07-01,ton_dau,TH.AR.A01.0123,1.0,13872600.0,13872600.0,Tồn đầu kỳ import
2025-07-01,ton_dau,TH.AR.A01.0183,4.0,6249599.999999999,24998400.0,Tồn đầu kỳ import
2025-07-01,ton_dau,TH.AR.A01.0126,1.0,1663200.0,1663200.0,Tồn đầu kỳ import
2025-07-01,ton_dau,TH.AR.A01.0137,1.0,5342399.999999999,5342400.0,Tồn đầu kỳ import
2025-07-01,ton_dau,TH.AR.A01.0056,1.0,12448799.999999998,12448800.0,Tồn đầu kỳ import
2025-07-01,ton_dau,TH.AR.A01.0201,1.0,12448799.999999998,12448800.0,Tồn đầu kỳ import
2025-07-01,ton_dau,TH.AR.A01.0203,1.0,12448799.999999998,12448800.0,Tồn đầu kỳ import
2025-07-01,ton_dau,TH.AR.A01.0197,2.0,12448799.999999998,24897600.0,Tồn đầu kỳ import
2025-07-01,ton_dau,TH.AR.A01.0171,1.0,8555400.0,8555400.0,Tồn đầu kỳ import
2025-07-01,ton_dau,TH.AR.A01.0136,1.0,5443200.0,5443200.0,Tồn đầu kỳ import
2025-07-01,ton_dau,TH.AR.A01.0019,1.0,18043200.0,18043200.0,Tồn đầu kỳ import
2025-07-01,ton_dau,TH.AR.A01.0187,1.0,23394000.0,23394000.0,Tồn đầu kỳ import
2025-07-01,ton_dau,TH.AR.A01.0018,1.0,18219600.0,18219600.0,Tồn đầu kỳ import
2025-07-01,ton_dau,TH.AR.A01.0048,1.0,5506200.0,5506200.0,Tồn đầu kỳ import
2025-07-01,ton_dau,TH.AR.A01.0045,1.0,7522200.0,7522200.0,Tồn đầu kỳ import
2025-07-01,ton_dau,TH.AR.A01.0051,1.0,8013599.999999999,8013600.0,Tồn đầu kỳ import
2025-07-01,ton_dau,TH.AR.A01.0108,1.0,7849800.0,7849800.0,Tồn đầu kỳ import
2025-07-01,ton_dau,TH.AR.A01.0034,1.0,6010199.999999998,6010200.0,Tồn đầu kỳ import
2025-07-01,ton_dau,TH.AR.A01.0022,1.0,17211600.0,17211600.0,Tồn đầu kỳ import
2025-07-01,ton_dau,TH.AR.A01.0039,1.0,44100000.0,44100000.0,Tồn đầu kỳ import
2025-07-01,ton_dau,TH.AR.A01.0036,1.0,2331000.0,2331000.0,Tồn đầu kỳ import
2025-07-01,ton_dau,TH.AR.A01.0035,1.0,2331000.0,2331000.0,Tồn đầu kỳ import
2025-07-01,ton_dau,TH.AR.A01.0038,1.0,2331000.0,2331000.0,Tồn đầu kỳ import
2025-07-01,ton_dau,TH.AR.A01.0037,1.0,2331000.0,2331000.0,Tồn đầu kỳ import
2025-07-01,ton_dau,TH.AR.A01.0026,1.0,5846399.999999999,5846400.0,Tồn đầu kỳ import
2025-07-01,ton_dau,TH.AR.A01.0148,1.0,24507000.0,24507000.0,Tồn đầu kỳ import
2025-07-01,ton_dau,TH.AR.A01.0149,1.0,14704199.999999996,14704200.0,Tồn đầu kỳ import
2025-07-01,ton_dau,TH.AR.A01.0024,1.0,4674600.0,4674600.0,Tồn đầu kỳ import
2025-07-01,ton_dau,TH.AR.A01.0133,1.0,3225600.0,3225600.0,Tồn đầu kỳ import
2025-07-01,ton_dau,TH.AR.A01.0130,1.0,3225600.0,3225600.0,Tồn đầu kỳ import
2025-07-01,ton_dau,TH.AR.A01.0131,1.0,3225600.0,3225600.0,Tồn đầu kỳ import
2025-07-01,ton_dau,TH.AR.A01.0132,1.0,3225600.0,3225600.0,Tồn đầu kỳ import
2025-07-01,ton_dau,TH.AR.A01.0057,2.0,26733000.0,53466000.0,Tồn đầu kỳ import
2025-07-01,ton_dau,TH.AR.A01.0081,1.0,2331000.0,2331000.0,Tồn đầu kỳ import
2025-07-01,ton_dau,TH.AR.A01.0085,1.0,3339000.0,3339000.0,Tồn đầu kỳ import
2025-07-01,ton_dau,TH.AR.A01.0084,2.0,2167200.0,4334400.0,Tồn đầu kỳ import
2025-07-01,ton_dau,TH.AR.A01.0122,1.0,6514200.0,6514200.0,Tồn đầu kỳ import
2025-07-01,ton_dau,TH.AR.A01.0043,1.0,1159200.0,1159200.0,Tồn đầu kỳ import
2025-07-01,ton_dau,TH.AR.A01.0042,1.0,1159200.0,1159200.0,Tồn đầu kỳ import
2025-07-01,ton_dau,TH.AR.A01.0003,2.0,447300.0,894600.0,Tồn đầu kỳ import
2025-07-01,ton_dau,TH.AR.A01.0316,1.0,756000.0,756000.0,Tồn đầu kỳ import
2025-07-01,ton_dau,TH.AR.A01.0119,1.0,2167200.0,2167200.0,Tồn đầu kỳ import
2025-07-01,ton_dau,TH.AR.A01.0114,1.0,3339000.0,3339000.0,Tồn đầu kỳ import
2025-07-01,ton_dau,TH.AR.A01.0113,1.0,2167200.0,2167200.0,Tồn đầu kỳ import
2025-07-01,ton_dau,TH.AR.A01.0116,1.0,3339000.0,3339000.0,Tồn đầu kỳ import
2025-07-01,ton_dau,TH.AR.A01.0115,1.0,2167200.0,2167200.0,Tồn đầu kỳ import
2025-07-01,ton_dau,TH.AR.A01.0118,2.0,3339000.0,6678000.0,Tồn đầu kỳ import
2025-07-01,ton_dau,TH.AR.A01.0117,1.0,2167200.0,2167200.0,Tồn đầu kỳ import
2025-07-01,ton_dau,TH.AR.A01.0125,1.0,5896800.0,5896800.0,Tồn đầu kỳ import
2025-07-01,ton_dau,TH.AR.A01.0032,1.0,4510800.0,4510800.0,Tồn đầu kỳ import
2025-07-01,ton_dau,TH.AR.A01.0031,1.0,4510800.0,4510800.0,Tồn đầu kỳ import
2025-07-01,ton_dau,TH.AR.A01.0030,1.0,831600.0,831600.0,Tồn đầu kỳ import
2025-07-01,ton_dau,TH.AR.A02.0080,1.0,504000.0,504000.0,Tồn đầu kỳ import
2025-07-01,ton_dau,TH.AR.A04.0009,1.0,3754800.0,3754800.0,Tồn đầu kỳ import
2025-07-01,ton_dau,TH.AR.A01.0052,2.0,2835000.0,5670000.0,Tồn đầu kỳ import
2025-07-01,ton_dau,TH.AR.A01.0138,1.0,16590000.0,16590000.0,Tồn đầu kỳ import
2025-07-01,ton_dau,TH.AR.A01.0140,1.0,2835000.0,2835000.0,Tồn đầu kỳ import
2025-07-01,ton_dau,TH.AR.A01.0139,1.0,2835000.0,2835000.0,Tồn đầu kỳ import
2025-07-01,ton_dau,TH.AR.A01.0180,1.0,38064600.0,38064600.0,Tồn đầu kỳ import
2025-07-01,ton_dau,TH.AR.A01.0182,1.0,10306799.999999998,10306800.0,Tồn đầu kỳ import
2025-07-01,ton_dau,TH.AR.A01.0183,1.0,6249599.999999999,6249600.0,Tồn đầu kỳ import
2025-07-01,ton_dau,TH.AR.A01.0056,1.0,12448799.999999998,12448800.0,Tồn đầu kỳ import
2025-07-01,ton_dau,TH.AR.A01.0201,1.0,12448799.999999998,12448800.0,Tồn đầu kỳ import
2025-07-01,ton_dau,TH.AR.A01.0203,1.0,12448799.999999998,12448800.0,Tồn đầu kỳ import
2025-07-01,ton_dau,TH.AR.A01.0197,1.0,12448799.999999998,12448800.0,Tồn đầu kỳ import
2025-07-01,ton_dau,TH.AR.A01.0136,1.0,5443200.0,5443200.0,Tồn đầu kỳ import
2025-07-01,ton_dau,TH.AR.A01.0020,1.0,14036400.0,14036400.0,Tồn đầu kỳ import
2025-07-01,ton_dau,TH.AR.A01.0019,1.0,18043200.0,18043200.0,Tồn đầu kỳ import
2025-07-01,ton_dau,TH.AR.A01.0018,1.0,18219600.0,18219600.0,Tồn đầu kỳ import
2025-07-01,ton_dau,TH.AR.A01.0048,1.0,5506200.0,5506200.0,Tồn đầu kỳ import
2025-07-01,ton_dau,TH.AR.A01.0045,1.0,7522200.0,7522200.0,Tồn đầu kỳ import
2025-07-01,ton_dau,TH.AR.A01.0051,1.0,8013599.999999999,8013600.0,Tồn đầu kỳ import
2025-07-01,ton_dau,TH.AR.A01.0108,1.0,7849800.0,7849800.0,Tồn đầu kỳ import
2025-07-01,ton_dau,TH.AR.A01.0034,1.0,6010199.999999998,6010200.0,Tồn đầu kỳ import
2025-07-01,ton_dau,TH.AR.A01.0022,1.0,17211600.0,17211600.0,Tồn đầu kỳ import
2025-07-01,ton_dau,TH.AR.A01.0039,1.0,44100000.0,44100000.0,Tồn đầu kỳ import
2025-07-01,ton_dau,TH.AR.A01.0036,1.0,2331000.0,2331000.0,Tồn đầu kỳ import
2025-07-01,ton_dau,TH.AR.A01.0035,1.0,2331000.0,2331000.0,Tồn đầu kỳ import
2025-07-01,ton_dau,TH.AR.A01.0038,1.0,2331000.0,2331000.0,Tồn đầu kỳ import
2025-07-01,ton_dau,TH.AR.A01.0037,1.0,2331000.0,2331000.0,Tồn đầu kỳ import
2025-07-01,ton_dau,TH.AR.A01.0109,1.0,4510800.0,4510800.0,Tồn đầu kỳ import
2025-07-01,ton_dau,TH.AR.A01.0024,1.0,4674600.0,4674600.0,Tồn đầu kỳ import
2025-07-01,ton_dau,TH.AR.A01.0042,1.0,1159200.0,1159200.0,Tồn đầu kỳ import
2025-07-01,ton_dau,TH.AR.A01.0032,1.0,4510800.0,4510800.0,Tồn đầu kỳ import
2025-07-01,ton_dau,TH.AR.A01.0031,1.0,4510800.0,4510800.0,Tồn đầu kỳ import
2025-07-01,ton_dau,TH.AR.A01.0030,1.0,831600.0,831600.0,Tồn đầu kỳ import
2025-07-01,ton_dau,TH.AR.A01.0052,1.0,2835000.0,2835000.0,Tồn đầu kỳ import
2025-07-01,ton_dau,TH.AR.A01.0180,1.0,38064600.0,38064600.0,Tồn đầu kỳ import
2025-07-01,ton_dau,TH.AR.A01.0123,1.0,13872600.0,13872600.0,Tồn đầu kỳ import
2025-07-01,ton_dau,TH.AR.A01.0183,2.0,6249599.999999999,12499200.0,Tồn đầu kỳ import
2025-07-01,ton_dau,TH.AR.A01.0056,1.0,12448799.999999998,12448800.0,Tồn đầu kỳ import
2025-07-01,ton_dau,TH.AR.A01.0201,1.0,12448799.999999998,12448800.0,Tồn đầu kỳ import
2025-07-01,ton_dau,TH.AR.A01.0203,1.0,12448799.999999998,12448800.0,Tồn đầu kỳ import
2025-07-01,ton_dau,TH.AR.A02.0089,1.0,907200.0,907200.0,Tồn đầu kỳ import
2025-07-01,ton_dau,TH.AR.A01.0171,1.0,8555400.0,8555400.0,Tồn đầu kỳ import
2025-07-01,ton_dau,TH.AR.A01.0136,1.0,5443200.0,5443200.0,Tồn đầu kỳ import
2025-07-01,ton_dau,TH.AR.A01.0019,1.0,18043200.0,18043200.0,Tồn đầu kỳ import
2025-07-01,ton_dau,TH.AR.A01.0187,1.0,23394000.0,23394000.0,Tồn đầu kỳ import
2025-07-01,ton_dau,TH.AR.A01.0018,1.0,18219600.0,18219600.0,Tồn đầu kỳ import
2025-07-01,ton_dau,TH.AR.A01.0048,1.0,5506200.0,5506200.0,Tồn đầu kỳ import
2025-07-01,ton_dau,TH.AR.A01.0045,1.0,7522200.0,7522200.0,Tồn đầu kỳ import
2025-07-01,ton_dau,TH.AR.A01.0051,1.0,8013599.999999999,8013600.0,Tồn đầu kỳ import
2025-07-01,ton_dau,TH.AR.A01.0108,1.0,7849800.0,7849800.0,Tồn đầu kỳ import
2025-07-01,ton_dau,TH.AR.A01.0034,1.0,6010199.999999998,6010200.0,Tồn đầu kỳ import
2025-07-01,ton_dau,TH.AR.A01.0021,1.0,17211600.0,17211600.0,Tồn đầu kỳ import
2025-07-01,ton_dau,TH.AR.A01.0022,1.0,17211600.0,17211600.0,Tồn đầu kỳ import
2025-07-01,ton_dau,TH.AR.A01.0039,1.0,44100000.0,44100000.0,Tồn đầu kỳ import
2025-07-01,ton_dau,TH.AR.A01.0036,1.0,2331000.0,2331000.0,Tồn đầu kỳ import
2025-07-01,ton_dau,TH.AR.A01.0035,1.0,2331000.0,2331000.0,Tồn đầu kỳ import
2025-07-01,ton_dau,TH.AR.A01.0038,1.0,2331000.0,2331000.0,Tồn đầu kỳ import
2025-07-01,ton_dau,TH.AR.A01.0037,1.0,2331000.0,2331000.0,Tồn đầu kỳ import
2025-07-01,ton_dau,TH.AR.A01.0109,1.0,4510800.0,4510800.0,Tồn đầu kỳ import
2025-07-01,ton_dau,TH.AR.A01.0322,1.0,8442000.0,8442000.0,Tồn đầu kỳ import
2025-07-01,ton_dau,TH.AR.A01.0128,1.0,8442000.0,8442000.0,Tồn đầu kỳ import
2025-07-01,ton_dau,TH.AR.A01.0129,1.0,8442000.0,8442000.0,Tồn đầu kỳ import
2025-07-01,ton_dau,TH.AR.A01.0024,1.0,4674600.0,4674600.0,Tồn đầu kỳ import
2025-07-01,ton_dau,TH.AR.A01.0057,1.0,26733000.0,26733000.0,Tồn đầu kỳ import
2025-07-01,ton_dau,TH.AR.A01.0081,1.0,2331000.0,2331000.0,Tồn đầu kỳ import
2025-07-01,ton_dau,TH.AR.A01.0085,1.0,3339000.0,3339000.0,Tồn đầu kỳ import
2025-07-01,ton_dau,TH.AR.A01.0084,1.0,2167200.0,2167200.0,Tồn đầu kỳ import
2025-07-01,ton_dau,TH.AR.A01.0122,1.0,6514200.0,6514200.0,Tồn đầu kỳ import
2025-07-01,ton_dau,TH.AR.A01.0042,1.0,1159200.0,1159200.0,Tồn đầu kỳ import
2025-07-01,ton_dau,TH.AR.A01.0003,1.0,447300.0,447300.0,Tồn đầu kỳ import
2025-07-01,ton_dau,TH.AR.A01.0119,1.0,2167200.0,2167200.0,Tồn đầu kỳ import
2025-07-01,ton_dau,TH.AR.A01.0114,1.0,3339000.0,3339000.0,Tồn đầu kỳ import
2025-07-01,ton_dau,TH.AR.A01.0113,1.0,2167200.0,2167200.0,Tồn đầu kỳ import
2025-07-01,ton_dau,TH.AR.A01.0116,1.0,3339000.0,3339000.0,Tồn đầu kỳ import
2025-07-01,ton_dau,TH.AR.A01.0115,1.0,2167200.0,2167200.0,Tồn đầu kỳ import
2025-07-01,ton_dau,TH.AR.A01.0118,1.0,3339000.0,3339000.0,Tồn đầu kỳ import
2025-07-01,ton_dau,TH.AR.A01.0117,1.0,2167200.0,2167200.0,Tồn đầu kỳ import
2025-07-01,ton_dau,TH.AR.A01.0125,1.0,5896800.0,5896800.0,Tồn đầu kỳ import
2025-07-01,ton_dau,TH.AR.A01.0032,1.0,4510800.0,4510800.0,Tồn đầu kỳ import
2025-07-01,ton_dau,TH.AR.A01.0031,1.0,4510800.0,4510800.0,Tồn đầu kỳ import
2025-07-01,ton_dau,TH.AR.A01.0030,1.0,831600.0,831600.0,Tồn đầu kỳ import
2025-07-01,ton_dau,TH.AR.A01.0052,1.0,2835000.0,2835000.0,Tồn đầu kỳ import
2025-07-01,ton_dau,TH.AR.A01.0180,1.0,38064600.0,38064600.0,Tồn đầu kỳ import
2025-07-01,ton_dau,TH.AR.A01.0123,1.0,13872600.0,13872600.0,Tồn đầu kỳ import
2025-07-01,ton_dau,TH.AR.A01.0126,1.0,1663200.0,1663200.0,Tồn đầu kỳ import
2025-07-01,ton_dau,TH.AR.A01.0201,1.0,12448799.999999998,12448800.0,Tồn đầu kỳ import
2025-07-01,ton_dau,TH.AR.A01.0203,1.0,12448799.999999998,12448800.0,Tồn đầu kỳ import
2025-07-01,ton_dau,TH.AR.A01.0197,1.0,12448799.999999998,12448800.0,Tồn đầu kỳ import
2025-07-01,ton_dau,TH.AR.A02.0089,1.0,907200.0,907200.0,Tồn đầu kỳ import
2025-07-01,ton_dau,TH.AR.A01.0171,1.0,8555400.0,8555400.0,Tồn đầu kỳ import
2025-07-01,ton_dau,TH.AR.A01.0136,1.0,5443200.0,5443200.0,Tồn đầu kỳ import
2025-07-01,ton_dau,TH.AR.A01.0019,1.0,18043200.0,18043200.0,Tồn đầu kỳ import
2025-07-01,ton_dau,TH.AR.A01.0108,1.0,7849800.0,7849800.0,Tồn đầu kỳ import
2025-07-01,ton_dau,TH.AR.A01.0322,1.0,8442000.0,8442000.0,Tồn đầu kỳ import
2025-07-01,ton_dau,TH.AR.A01.0128,1.0,8442000.0,8442000.0,Tồn đầu kỳ import
2025-07-01,ton_dau,TH.AR.A01.0129,1.0,8442000.0,8442000.0,Tồn đầu kỳ import
2025-07-01,ton_dau,TH.AR.A01.0185,2.0,8492400.0,16984800.0,Tồn đầu kỳ import
2025-07-01,ton_dau,TH.AR.A01.0081,1.0,2331000.0,2331000.0,Tồn đầu kỳ import
2025-07-01,ton_dau,TH.AR.A01.0085,1.0,3339000.0,3339000.0,Tồn đầu kỳ import
2025-07-01,ton_dau,TH.AR.A01.0084,1.0,2167200.0,2167200.0,Tồn đầu kỳ import
2025-07-01,ton_dau,TH.AR.A01.0122,1.0,6514200.0,6514200.0,Tồn đầu kỳ import
2025-07-01,ton_dau,TH.AR.A01.0003,1.0,447300.0,447300.0,Tồn đầu kỳ import
2025-07-01,ton_dau,TH.AR.A01.0119,1.0,2167200.0,2167200.0,Tồn đầu kỳ import
2025-07-01,ton_dau,TH.AR.A01.0114,1.0,3339000.0,3339000.0,Tồn đầu kỳ import
2025-07-01,ton_dau,TH.AR.A01.0113,1.0,2167200.0,2167200.0,Tồn đầu kỳ import
2025-07-01,ton_dau,TH.AR.A01.0116,1.0,3339000.0,3339000.0,Tồn đầu kỳ import
2025-07-01,ton_dau,TH.AR.A01.0115,1.0,2167200.0,2167200.0,Tồn đầu kỳ import
2025-07-01,ton_dau,TH.AR.A01.0118,1.0,3339000.0,3339000.0,Tồn đầu kỳ import
2025-07-01,ton_dau,TH.AR.A01.0117,1.0,2167200.0,2167200.0,Tồn đầu kỳ import
2025-07-01,ton_dau,TH.AR.A01.0125,1.0,5896800.0,5896800.0,Tồn đầu kỳ import
2025-07-01,ton_dau,TH.AR.A01.0052,1.0,2835000.0,2835000.0,Tồn đầu kỳ import
2025-07-01,ton_dau,TH.AR.A01.0091,1.0,7547399.999999999,7547400.0,Tồn đầu kỳ import
2025-07-01,ton_dau,TH.AR.A01.0092,1.0,3502799.9999999995,3502800.0,Tồn đầu kỳ import
2025-07-01,ton_dau,TH.AR.A01.0101,1.0,6476399.999999999,6476400.0,Tồn đầu kỳ import
2025-07-01,ton_dau,TH.AR.A01.0100,1.0,6476399.999999999,6476400.0,Tồn đầu kỳ import
2025-07-01,ton_dau,TH.AR.A01.0056,2.0,12448799.999999998,24897600.0,Tồn đầu kỳ import
2025-07-01,ton_dau,TH.AR.A01.0201,1.0,12448799.999999998,12448800.0,Tồn đầu kỳ import
2025-07-01,ton_dau,TH.AR.A01.0203,1.0,12448799.999999998,12448800.0,Tồn đầu kỳ import
2025-07-01,ton_dau,TH.AR.A01.0197,2.0,12448799.999999998,24897600.0,Tồn đầu kỳ import
2025-07-01,ton_dau,TH.AR.A01.0102,1.0,5758200.0,5758200.0,Tồn đầu kỳ import
2025-07-01,ton_dau,TH.AR.A01.0020,1.0,14036400.0,14036400.0,Tồn đầu kỳ import
2025-07-01,ton_dau,TH.AR.A01.0019,1.0,18043200.0,18043200.0,Tồn đầu kỳ import
2025-07-01,ton_dau,TH.AR.A01.0187,1.0,23394000.0,23394000.0,Tồn đầu kỳ import
2025-07-01,ton_dau,TH.AR.A01.0018,2.0,18219600.0,36439200.0,Tồn đầu kỳ import
2025-07-01,ton_dau,TH.AR.A01.0048,2.0,5506200.0,11012400.0,Tồn đầu kỳ import
2025-07-01,ton_dau,TH.AR.A01.0051,2.0,8013599.999999999,16027200.0,Tồn đầu kỳ import
2025-07-01,ton_dau,TH.AR.A01.0039,2.0,44100000.0,88200000.0,Tồn đầu kỳ import
2025-07-01,ton_dau,TH.AR.A01.0086,1.0,9021600.0,9021600.0,Tồn đầu kỳ import
2025-07-01,ton_dau,TH.AR.A01.0275,1.0,667799.9999999999,667800.0,Tồn đầu kỳ import
2025-07-01,ton_dau,TH.AR.A01.0093,1.0,10974600.0,10974600.0,Tồn đầu kỳ import
2025-07-01,ton_dau,TH.AR.A01.0042,1.0,1159200.0,1159200.0,Tồn đầu kỳ import
2025-07-01,ton_dau,TH.AR.A01.0316,1.0,756000.0,756000.0,Tồn đầu kỳ import
2025-07-01,ton_dau,TH.AR.A01.0032,2.0,4510800.0,9021600.0,Tồn đầu kỳ import
2025-07-01,ton_dau,TH.AR.A01.0031,2.0,4510800.0,9021600.0,Tồn đầu kỳ import
2025-07-01,ton_dau,TH.AR.A01.0030,2.0,831600.0,1663200.0,Tồn đầu kỳ import
2025-07-01,ton_dau,TH.AR.A01.0052,2.0,2835000.0,5670000.0,Tồn đầu kỳ import
2025-07-01,ton_dau,TH.AR.A01.0088,1.0,9639000.0,9639000.0,Tồn đầu kỳ import
2025-07-01,ton_dau,TH.AR.A01.0087,1.0,9639000.0,9639000.0,Tồn đầu kỳ import
2025-07-01,ton_dau,TH.AR.A01.0190,1.0,11865000.0,11865000.0,Tồn đầu kỳ import
2025-07-01,ton_dau,TH.AR.A01.0126,2.0,1663200.0,3326400.0,Tồn đầu kỳ import
2025-07-01,ton_dau,TH.AR.A01.0124,10.0,5896800.0,58968000.0,Tồn đầu kỳ import
2025-07-01,ton_dau,TH.AR.A01.0125,5.0,5896800.0,29484000.0,Tồn đầu kỳ import
2025-07-01,ton_dau,TH.AR.A01.0122,5.0,6514200.0,32571000.0,Tồn đầu kỳ import
2025-07-01,ton_dau,TH.AR.A01.0171,5.0,8555400.0,42777000.0,Tồn đầu kỳ import
2025-07-01,ton_dau,TH.AR.A01.0123,5.0,13872600.0,69363000.0,Tồn đầu kỳ import
2025-07-01,ton_dau,TH.AR.A01.0129,6.0,8442000.0,50652000.0,Tồn đầu kỳ import
2025-07-01,ton_dau,TH.AR.A01.0128,5.0,8442000.0,42210000.0,Tồn đầu kỳ import
2025-07-01,ton_dau,TH.AR.A01.0322,5.0,14070000.0,70350000.0,Tồn đầu kỳ import
2025-07-01,ton_dau,TH.AR.A02.0080,11.0,504000.0,5544000.0,Tồn đầu kỳ import
2025-07-01,ton_dau,TH.AR.A01.0137,4.0,5342399.999999999,21369600.0,Tồn đầu kỳ import
2025-07-01,ton_dau,TH.AR.A01.0166,4.0,4830000.0,19320000.0,Tồn đầu kỳ import
2025-07-01,ton_dau,TH.AR.A01.0188,1.0,74109000.0,74109000.0,Tồn đầu kỳ import
2025-07-01,ton_dau,TH.AR.A01.0143,4.0,9021600.0,36086400.0,Tồn đầu kỳ import
2025-07-01,ton_dau,TH.AR.A01.0144,4.0,9021600.0,36086400.0,Tồn đầu kỳ import
2025-07-01,ton_dau,TH.AR.A01.0127,3.0,9240000.0,27720000.0,Tồn đầu kỳ import
2025-07-01,ton_dau,TH.AR.A01.0172,4.0,6451200.0,25804800.0,Tồn đầu kỳ import
2025-07-01,ton_dau,TH.AR.A01.0084,5.0,2167200.0,10836000.0,Tồn đầu kỳ import
2025-07-01,ton_dau,TH.AR.A01.0085,3.0,3339000.0,10017000.0,Tồn đầu kỳ import
2025-07-01,ton_dau,TH.AR.A01.0113,5.0,2167200.0,10836000.0,Tồn đầu kỳ import
2025-07-01,ton_dau,TH.AR.A01.0114,5.0,3339000.0,16695000.0,Tồn đầu kỳ import
2025-07-01,ton_dau,TH.AR.A01.0115,5.0,2167200.0,10836000.0,Tồn đầu kỳ import
2025-07-01,ton_dau,TH.AR.A01.0116,5.0,3339000.0,16695000.0,Tồn đầu kỳ import
2025-07-01,ton_dau,TH.AR.A01.0117,5.0,2167200.0,10836000.0,Tồn đầu kỳ import
2025-07-01,ton_dau,TH.AR.A01.0118,4.0,3339000.0,13356000.0,Tồn đầu kỳ import
2025-07-01,ton_dau,TH.AR.A01.0119,5.0,2167200.0,10836000.0,Tồn đầu kỳ import
2025-07-01,ton_dau,TH.AR.A01.0003,2.0,667799.9999999999,1335600.0,Tồn đầu kỳ import
2025-07-01,ton_dau,TH.AR.A01.0108,1.0,7849800.0,7849800.0,Tồn đầu kỳ import
2025-07-01,ton_dau,TH.AR.A01.0136,4.0,5443200.0,21772800.0,Tồn đầu kỳ import
2025-07-01,ton_dau,TH.AR.A01.0180,5.0,38064600.0,190323000.0,Tồn đầu kỳ import
2025-07-01,ton_dau,TH.AR.A01.0183,7.0,6249599.999999999,43747200.0,Tồn đầu kỳ import
2025-07-01,ton_dau,TH.AR.A01.0185,5.0,8492400.0,42462000.0,Tồn đầu kỳ import
2025-07-01,ton_dau,TH.AR.A01.0052,15.0,2835000.0,42525000.0,Tồn đầu kỳ import
2025-07-01,ton_dau,TH.AR.A01.0201,19.0,12448799.999999998,236527200.0,Tồn đầu kỳ import
2025-07-01,ton_dau,TH.AR.A01.0203,21.0,12448799.999999998,261424800.0,Tồn đầu kỳ import
2025-07-01,ton_dau,TH.AR.A01.0019,9.0,18043200.0,162388800.0,Tồn đầu kỳ import
2025-07-01,ton_dau,TH.AR.A01.0162,3.0,36099000.0,108297000.0,Tồn đầu kỳ import
2025-07-01,ton_dau,TH.AR.A01.0187,1.0,23394000.0,23394000.0,Tồn đầu kỳ import
2025-07-01,ton_dau,TH.AR.A01.0027,7.0,4674600.0,32722200.0,Tồn đầu kỳ import
2025-07-01,ton_dau,TH.AR.A01.0026,1.0,5846399.999999999,5846400.0,Tồn đầu kỳ import
2025-07-01,ton_dau,TH.AR.A01.0018,1.0,18219600.0,18219600.0,Tồn đầu kỳ import
2025-07-01,ton_dau,TH.AR.A01.0039,1.0,44100000.0,44100000.0,Tồn đầu kỳ import
2025-07-01,ton_dau,TH.AR.A01.0048,1.0,5506200.0,5506200.0,Tồn đầu kỳ import
2025-07-01,ton_dau,TH.AR.A01.0030,1.0,831600.0,831600.0,Tồn đầu kỳ import
2025-07-01,ton_dau,TH.AR.A01.0031,1.0,4510800.0,4510800.0,Tồn đầu kỳ import
2025-07-01,ton_dau,TH.AR.A01.0032,1.0,4510800.0,4510800.0,Tồn đầu kỳ import
2025-07-01,ton_dau,TH.AR.A01.0028,2.0,16380000.0,32760000.0,Tồn đầu kỳ import
2025-07-01,ton_dau,TH.AR.A01.0021,1.0,17211600.0,17211600.0,Tồn đầu kỳ import
2025-07-01,ton_dau,TH.AR.A01.0043,4.0,1159200.0,4636800.0,Tồn đầu kỳ import
2025-07-01,ton_dau,TH.AR.A01.0054,1.0,7459200.0,7459200.0,Tồn đầu kỳ import
2025-07-01,ton_dau,TH.AR.A01.0086,1.0,9021600.0,9021600.0,Tồn đầu kỳ import
2025-07-01,ton_dau,TH.AR.A01.0100,1.0,6476399.999999999,6476400.0,Tồn đầu kỳ import
2025-07-01,ton_dau,TH.AR.A01.0101,1.0,6476399.999999999,6476400.0,Tồn đầu kỳ import
2025-07-01,ton_dau,TH.AR.A01.0087,1.0,9639000.0,9639000.0,Tồn đầu kỳ import
2025-07-01,ton_dau,TH.AR.A01.0088,1.0,9639000.0,9639000.0,Tồn đầu kỳ import
2025-07-01,ton_dau,TH.AR.A01.0091,1.0,7547399.999999999,7547400.0,Tồn đầu kỳ import
2025-07-01,ton_dau,TH.AR.A01.0092,1.0,3502799.9999999995,3502800.0,Tồn đầu kỳ import
2025-07-01,ton_dau,TH.AR.A01.0093,1.0,10974600.0,10974600.0,Tồn đầu kỳ import
2025-07-01,ton_dau,TH.AR.A01.0099,1.0,23234400.0,23234400.0,Tồn đầu kỳ import
2025-07-01,ton_dau,TH.AR.A01.0102,1.0,5758200.0,5758200.0,Tồn đầu kỳ import
2025-07-01,ton_dau,TH.AR.A01.0316,1.0,907200.0,907200.0,Tồn đầu kỳ import
2025-07-01,ton_dau,TH.AR.A01.0022,1.0,17211600.0,17211600.0,Tồn đầu kỳ import
2025-07-01,ton_dau,TH.AR.A01.0109,1.0,4510800.0,4510800.0,Tồn đầu kỳ import
2025-07-01,ton_dau,TH.AR.A01.0024,5.0,4674600.0,23373000.0,Tồn đầu kỳ import
2025-07-01,ton_dau,TH.AR.A01.0045,3.0,7522200.0,22566600.0,Tồn đầu kỳ import
2025-07-01,ton_dau,TH.AR.A01.0042,2.0,1159200.0,2318400.0,Tồn đầu kỳ import
2025-07-01,ton_dau,TH.AR.A01.0035,7.0,2331000.0,16317000.0,Tồn đầu kỳ import
2025-07-01,ton_dau,TH.AR.A01.0036,4.0,2331000.0,9324000.0,Tồn đầu kỳ import
2025-07-01,ton_dau,TH.AR.A01.0037,8.0,2331000.0,18648000.0,Tồn đầu kỳ import
2025-07-01,ton_dau,TH.AR.A01.0038,8.0,2331000.0,18648000.0,Tồn đầu kỳ import
2025-07-01,ton_dau,TH.AR.A01.0034,6.0,6010199.999999998,36061200.0,Tồn đầu kỳ import
2025-07-01,ton_dau,TH.AR.A01.0108,5.0,7849800.0,39249000.0,Tồn đầu kỳ import
2025-07-01,ton_dau,TH.AR.A01.0187,6.0,23394000.0,140364000.0,Tồn đầu kỳ import
2025-07-01,ton_dau,TH.AR.A01.0028,6.0,16380000.0,98280000.0,Tồn đầu kỳ import
2025-07-01,ton_dau,TH.AR.A01.0022,4.0,17211600.0,68846400.0,Tồn đầu kỳ import
2025-07-01,ton_dau,TH.AR.A01.0021,2.0,17211600.0,34423200.0,Tồn đầu kỳ import
2025-07-01,ton_dau,TH.AR.A01.0197,12.0,12448799.999999998,149385600.0,Tồn đầu kỳ import
2025-07-01,ton_dau,TH.AR.A01.0201,4.0,12448799.999999998,49795200.0,Tồn đầu kỳ import
2025-07-01,ton_dau,TH.AR.A01.0203,4.0,12448799.999999998,49795200.0,Tồn đầu kỳ import
2025-07-01,ton_dau,TH.AR.A01.0126,4.0,1663200.0,6652800.0,Tồn đầu kỳ import
2025-07-01,ton_dau,TH.AR.A02.0080,5.0,504000.0,2520000.0,Tồn đầu kỳ import
2025-07-01,ton_dau,TH.AR.A01.0019,11.0,18043200.0,198475200.0,Tồn đầu kỳ import
2025-07-01,ton_dau,TH.AR.A01.0043,3.0,1159200.0,3477600.0,Tồn đầu kỳ import
2025-07-01,ton_dau,TH.AR.A01.0020,8.0,14036400.0,112291200.0,Tồn đầu kỳ import
2025-07-01,ton_dau,TH.AR.A01.0109,3.0,4510800.0,13532400.0,Tồn đầu kỳ import
2025-07-01,ton_dau,TH.AR.A01.0027,4.0,4674600.0,18698400.0,Tồn đầu kỳ import
2025-07-01,ton_dau,TH.AR.A01.0026,2.0,5846399.999999999,11692800.0,Tồn đầu kỳ import
2025-07-01,ton_dau,TH.AR.A01.0056,1.0,12448799.999999998,12448800.0,Tồn đầu kỳ import
2025-07-01,ton_dau,TH.AR.A01.0024,4.0,4674600.0,18698400.0,Tồn đầu kỳ import
2025-07-01,ton_dau,TH.AR.A01.0025,1.0,4674600.0,4674600.0,Tồn đầu kỳ import
2025-07-01,ton_dau,TH.AR.A01.0018,2.0,18219600.0,36439200.0,Tồn đầu kỳ import
2025-07-01,ton_dau,TH.AR.A01.0039,1.0,44100000.0,44100000.0,Tồn đầu kỳ import
2025-07-01,ton_dau,TH.AR.A01.0084,2.0,2167200.0,4334400.0,Tồn đầu kỳ import
2025-07-01,ton_dau,TH.AR.A01.0085,6.0,3339000.0,20034000.0,Tồn đầu kỳ import
2025-07-01,ton_dau,TH.AR.A01.0113,3.0,2167200.0,6501600.0,Tồn đầu kỳ import
2025-07-01,ton_dau,TH.AR.A01.0114,4.0,3339000.0,13356000.0,Tồn đầu kỳ import
2025-07-01,ton_dau,TH.AR.A01.0115,9.0,2167200.0,19504800.0,Tồn đầu kỳ import
2025-07-01,ton_dau,TH.AR.A01.0116,13.0,3339000.0,43407000.0,Tồn đầu kỳ import
2025-07-01,ton_dau,TH.AR.A01.0117,9.0,2167200.0,19504800.0,Tồn đầu kỳ import
2025-07-01,ton_dau,TH.AR.A01.0118,8.0,3339000.0,26712000.0,Tồn đầu kỳ import
2025-07-01,ton_dau,TH.AR.A01.0119,8.0,2167200.0,17337600.0,Tồn đầu kỳ import
2025-07-01,ton_dau,TH.AR.A01.0124,9.0,5896800.0,53071200.0,Tồn đầu kỳ import
2025-07-01,ton_dau,TH.AR.A01.0143,5.0,9021600.0,45108000.0,Tồn đầu kỳ import
2025-07-01,ton_dau,TH.AR.A01.0144,4.0,9021600.0,36086400.0,Tồn đầu kỳ import
2025-07-01,ton_dau,TH.AR.A01.0125,6.0,5896800.0,35380800.0,Tồn đầu kỳ import
2025-07-01,ton_dau,TH.AR.A01.0086,1.0,9021600.0,9021600.0,Tồn đầu kỳ import
2025-07-01,ton_dau,TH.AR.A01.0122,4.0,6514200.0,26056800.0,Tồn đầu kỳ import
2025-07-01,ton_dau,TH.AR.A01.0171,4.0,8555400.0,34221600.0,Tồn đầu kỳ import
2025-07-01,ton_dau,TH.AR.A01.0123,4.0,13872600.0,55490400.0,Tồn đầu kỳ import
2025-07-01,ton_dau,TH.AR.A02.0089,10.0,907200.0,9072000.0,Tồn đầu kỳ import
2025-07-01,ton_dau,TH.AR.A01.0129,3.0,8442000.0,25326000.0,Tồn đầu kỳ import
2025-07-01,ton_dau,TH.AR.A01.0127,1.0,9240000.0,9240000.0,Tồn đầu kỳ import
2025-07-01,ton_dau,TH.AR.A01.0128,6.0,8442000.0,50652000.0,Tồn đầu kỳ import
2025-07-01,ton_dau,TH.AR.A01.0322,3.0,14070000.0,42210000.0,Tồn đầu kỳ import
2025-07-01,ton_dau,TH.AR.A01.0136,4.0,5443200.0,21772800.0,Tồn đầu kỳ import
2025-07-01,ton_dau,TH.AR.A01.0048,2.0,5506200.0,11012400.0,Tồn đầu kỳ import
2025-07-01,ton_dau,TH.AR.A01.0045,4.0,7522200.0,30088800.0,Tồn đầu kỳ import
2025-07-01,ton_dau,TH.AR.A01.0137,7.0,5342399.999999999,37396800.0,Tồn đầu kỳ import
2025-07-01,ton_dau,TH.AR.A01.0139,1.0,2835000.0,2835000.0,Tồn đầu kỳ import
2025-07-01,ton_dau,TH.AR.A01.0140,1.0,2835000.0,2835000.0,Tồn đầu kỳ import
2025-07-01,ton_dau,TH.AR.A01.0138,1.0,16590000.0,16590000.0,Tồn đầu kỳ import
2025-07-01,ton_dau,TH.AR.A01.0162,5.0,36099000.0,180495000.0,Tồn đầu kỳ import
2025-07-01,ton_dau,TH.AR.A01.0055,10.0,6174000.0,61740000.0,Tồn đầu kỳ import
2025-07-01,ton_dau,TH.AR.A01.0100,1.0,6476399.999999999,6476400.0,Tồn đầu kỳ import
2025-07-01,ton_dau,TH.AR.A01.0101,1.0,6476399.999999999,6476400.0,Tồn đầu kỳ import
2025-07-01,ton_dau,TH.AR.A01.0087,1.0,9639000.0,9639000.0,Tồn đầu kỳ import
2025-07-01,ton_dau,TH.AR.A01.0088,1.0,9639000.0,9639000.0,Tồn đầu kỳ import
2025-07-01,ton_dau,TH.AR.A01.0091,1.0,7547399.999999999,7547400.0,Tồn đầu kỳ import
2025-07-01,ton_dau,TH.AR.A01.0092,1.0,3502799.9999999995,3502800.0,Tồn đầu kỳ import
2025-07-01,ton_dau,TH.AR.A01.0093,1.0,10974600.0,10974600.0,Tồn đầu kỳ import
2025-07-01,ton_dau,TH.AR.A01.0099,2.0,23234400.0,46468800.0,Tồn đầu kỳ import
2025-07-01,ton_dau,TH.AR.A01.0102,1.0,5758200.0,5758200.0,Tồn đầu kỳ import
2025-07-01,ton_dau,TH.AR.A01.0051,4.0,8013599.999999999,32054400.0,Tồn đầu kỳ import
2025-07-01,ton_dau,TH.AR.A01.0042,4.0,1159200.0,4636800.0,Tồn đầu kỳ import
2025-07-01,ton_dau,TH.AR.A01.0180,4.0,38064600.0,152258400.0,Tồn đầu kỳ import
2025-07-01,ton_dau,TH.AR.A01.0183,9.0,6249599.999999999,56246400.0,Tồn đầu kỳ import
2025-07-01,ton_dau,TH.AR.A01.0182,2.0,10306799.999999998,20613600.0,Tồn đầu kỳ import
2025-07-01,ton_dau,TH.AR.A01.0185,5.0,8492400.0,42462000.0,Tồn đầu kỳ import
2025-07-01,ton_dau,TH.AR.A01.0030,2.0,831600.0,1663200.0,Tồn đầu kỳ import
2025-07-01,ton_dau,TH.AR.A01.0037,1.0,2331000.0,2331000.0,Tồn đầu kỳ import
2025-07-01,ton_dau,TH.AR.A01.0038,1.0,2331000.0,2331000.0,Tồn đầu kỳ import
2025-07-01,ton_dau,TH.AR.A01.0034,4.0,6010199.999999998,24040800.0,Tồn đầu kỳ import
2025-07-01,ton_dau,TH.AR.A01.0031,1.0,4510800.0,4510800.0,Tồn đầu kỳ import
2025-07-01,ton_dau,TH.AR.A01.0032,2.0,4510800.0,9021600.0,Tồn đầu kỳ import
2025-07-01,ton_dau,TH.AR.A01.0057,10.0,16039799.999999998,160398000.0,Tồn đầu kỳ import
2025-07-01,ton_dau,TH.AR.A01.0180,3.0,38064600.0,114193800.0,Tồn đầu kỳ import
2025-07-01,ton_dau,TH.AR.A01.0162,3.0,36099000.0,108297000.0,Tồn đầu kỳ import
2025-07-01,ton_dau,TH.AR.A01.0123,3.0,13872600.0,41617800.0,Tồn đầu kỳ import
2025-07-01,ton_dau,TH.AR.A01.0351,3.0,6350399.999999999,19051200.0,Tồn đầu kỳ import
2025-07-01,ton_dau,TH.AR.A01.0182,3.0,10306799.999999998,30920400.0,Tồn đầu kỳ import
2025-07-01,ton_dau,TH.AR.A01.0183,3.0,6249599.999999999,18748800.0,Tồn đầu kỳ import
2025-07-01,ton_dau,TH.AR.A01.0126,3.0,1663200.0,4989600.0,Tồn đầu kỳ import
2025-07-01,ton_dau,TH.AR.A01.0137,3.0,5342399.999999999,16027200.0,Tồn đầu kỳ import
2025-07-01,ton_dau,TH.AR.A01.0197,3.0,12448799.999999998,37346400.0,Tồn đầu kỳ import
2025-07-01,ton_dau,TH.AR.A02.0089,3.0,907200.0,2721600.0,Tồn đầu kỳ import
2025-07-01,ton_dau,TH.AR.A01.0171,3.0,8555400.0,25666200.0,Tồn đầu kỳ import
2025-07-01,ton_dau,TH.AR.A01.0136,3.0,5443200.0,16329600.0,Tồn đầu kỳ import
2025-07-01,ton_dau,TH.AR.A01.0108,3.0,7849800.0,23549400.0,Tồn đầu kỳ import
2025-07-01,ton_dau,TH.AR.A01.0128,3.0,8442000.0,25326000.0,Tồn đầu kỳ import
2025-07-01,ton_dau,TH.AR.A01.0129,3.0,8442000.0,25326000.0,Tồn đầu kỳ import
2025-07-01,ton_dau,TH.ZZ.X01.0068,1.0,0.0,0.0,Tồn đầu kỳ import
2025-07-01,ton_dau,TH.AR.A01.0081,3.0,2331000.0,6993000.0,Tồn đầu kỳ import
2025-07-01,ton_dau,TH.AR.A01.0085,3.0,3339000.0,10017000.0,Tồn đầu kỳ import
2025-07-01,ton_dau,TH.AR.A01.0084,3.0,2167200.0,6501600.0,Tồn đầu kỳ import
2025-07-01,ton_dau,TH.AR.A01.0122,3.0,6514200.0,19542600.0,Tồn đầu kỳ import
2025-07-01,ton_dau,TH.AR.A01.0004,3.0,410970.0,1232910.0,Tồn đầu kỳ import
2025-07-01,ton_dau,TH.ZZ.X01.0098,2.0,3500000.0,7000000.0,Tồn đầu kỳ import
2025-07-01,ton_dau,TH.ZZ.X01.0096,2.0,3500000.0,7000000.0,Tồn đầu kỳ import
2025-07-01,ton_dau,TH.ZZ.X01.0097,2.0,3500000.0,7000000.0,Tồn đầu kỳ import
2025-07-01,ton_dau,TH.AR.A01.0119,3.0,2167200.0,6501600.0,Tồn đầu kỳ import
2025-07-01,ton_dau,TH.AR.A01.0114,3.0,3339000.0,10017000.0,Tồn đầu kỳ import
2025-07-01,ton_dau,TH.AR.A01.0113,3.0,2167200.0,6501600.0,Tồn đầu kỳ import
2025-07-01,ton_dau,TH.AR.A01.0116,3.0,3339000.0,10017000.0,Tồn đầu kỳ import
2025-07-01,ton_dau,TH.AR.A01.0115,3.0,2167200.0,6501600.0,Tồn đầu kỳ import
2025-07-01,ton_dau,TH.AR.A01.0118,3.0,3339000.0,10017000.0,Tồn đầu kỳ import
2025-07-01,ton_dau,TH.AR.A01.0117,3.0,2167200.0,6501600.0,Tồn đầu kỳ import
2025-07-01,ton_dau,TH.AR.A01.0125,3.0,5896800.0,17690400.0,Tồn đầu kỳ import
2025-07-01,ton_dau,TH.AR.A02.0080,3.0,504000.0,1512000.0,Tồn đầu kỳ import
2025-07-01,ton_dau,TH.AR.A01.0052,3.0,2835000.0,8505000.0,Tồn đầu kỳ import
2025-07-01,ton_dau,TH.AR.A01.0056,1.0,12448799.999999998,12448800.0,Tồn đầu kỳ import
2025-07-01,ton_dau,TH.AR.A01.0187,1.0,23394000.0,23394000.0,Tồn đầu kỳ import
2025-07-01,ton_dau,TH.AR.A01.0018,1.0,18219600.0,18219600.0,Tồn đầu kỳ import
2025-07-01,ton_dau,TH.AR.A01.0048,1.0,5506200.0,5506200.0,Tồn đầu kỳ import
2025-07-01,ton_dau,TH.AR.A01.0045,1.0,7522200.0,7522200.0,Tồn đầu kỳ import
2025-07-01,ton_dau,TH.AR.A01.0051,1.0,8013599.999999999,8013600.0,Tồn đầu kỳ import
2025-07-01,ton_dau,TH.AR.A01.0034,1.0,6010199.999999998,6010200.0,Tồn đầu kỳ import
2025-07-01,ton_dau,TH.AR.A01.0021,1.0,17211600.0,17211600.0,Tồn đầu kỳ import
2025-07-01,ton_dau,TH.AR.A01.0039,1.0,44100000.0,44100000.0,Tồn đầu kỳ import
2025-07-01,ton_dau,TH.AR.A01.0036,1.0,2331000.0,2331000.0,Tồn đầu kỳ import
2025-07-01,ton_dau,TH.AR.A01.0035,1.0,2331000.0,2331000.0,Tồn đầu kỳ import
2025-07-01,ton_dau,TH.AR.A01.0109,1.0,4510800.0,4510800.0,Tồn đầu kỳ import
2025-07-01,ton_dau,TH.AR.A01.0055,1.0,6174000.0,6174000.0,Tồn đầu kỳ import
2025-07-01,ton_dau,TH.AR.A01.0024,1.0,4674600.0,4674600.0,Tồn đầu kỳ import
2025-07-01,ton_dau,TH.ZZ.X01.0068,1.0,0.0,0.0,Tồn đầu kỳ import
2025-07-01,ton_dau,TH.AR.A01.0043,1.0,1159200.0,1159200.0,Tồn đầu kỳ import
2025-07-01,ton_dau,TH.AR.A01.0042,1.0,1159200.0,1159200.0,Tồn đầu kỳ import
2025-07-01,ton_dau,TH.AR.A01.0032,1.0,4510800.0,4510800.0,Tồn đầu kỳ import
2025-07-01,ton_dau,TH.AR.A01.0031,1.0,4510800.0,4510800.0,Tồn đầu kỳ import
2025-07-01,ton_dau,TH.AR.A01.0030,1.0,831600.0,831600.0,Tồn đầu kỳ import
2025-07-01,ton_dau,TH.AR.A01.0052,2.0,2835000.0,5670000.0,Tồn đầu kỳ import
2025-07-01,ton_dau,TH.AR.A04.0006,1.0,15750000.0,15750000.0,Tồn đầu kỳ import
2025-07-01,ton_dau,TH.AR.A04.0006,1.0,15750000.0,15750000.0,Tồn đầu kỳ import
2025-07-01,ton_dau,TH.AR.A04.0006,1.0,15750000.0,15750000.0,Tồn đầu kỳ import
2025-07-01,ton_dau,TH.AR.A04.0006,1.0,15750000.0,15750000.0,Tồn đầu kỳ import
2025-07-01,ton_dau,TH.AR.A04.0006,1.0,15750000.0,15750000.0,Tồn đầu kỳ import
2025-07-01,ton_dau,TH.AR.A04.0006,1.0,15750000.0,15750000.0,Tồn đầu kỳ import
2025-07-01,ton_dau,TH.AR.A01.0200,1.0,14763000.0,14763000.0,Tồn đầu kỳ import
2025-07-01,ton_dau,TH.AR.A01.0053,1.0,3738000.0,3738000.0,Tồn đầu kỳ import
2025-07-01,ton_dau,TH.AR.A01.0202,1.0,14763000.0,14763000.0,Tồn đầu kỳ import
2025-07-01,ton_dau,TH.AR.A01.0204,1.0,14763000.0,14763000.0,Tồn đầu kỳ import
2025-07-01,ton_dau,TH.AR.A04.0004,1.0,140414400.0,140414400.0,Tồn đầu kỳ import
2025-07-01,ton_dau,TH.AR.A04.0004,1.0,140414400.0,140414400.0,Tồn đầu kỳ import
2025-07-01,ton_dau,TH.AR.A04.0004,1.0,140414400.0,140414400.0,Tồn đầu kỳ import
2025-07-01,ton_dau,TH.AR.A04.0004,1.0,140414400.0,140414400.0,Tồn đầu kỳ import
2025-07-01,ton_dau,TH.AR.A04.0002,1.0,139809600.0,139809600.0,Tồn đầu kỳ import
2025-07-01,ton_dau,TH.AR.A04.0002,1.0,139809600.0,139809600.0,Tồn đầu kỳ import
2025-07-01,ton_dau,TH.AR.A04.0002,1.0,139809600.0,139809600.0,Tồn đầu kỳ import
2025-07-01,ton_dau,TH.AR.A04.0001,1.0,454272000.0,454272000.0,Tồn đầu kỳ import
2025-07-01,ton_dau,TH.AR.A04.0001,1.0,454272000.0,454272000.0,Tồn đầu kỳ import
2025-07-01,ton_dau,TH.AR.A04.0024,1.0,292546800.0,292546800.0,Tồn đầu kỳ import
2025-07-01,ton_dau,TH.AR.A04.0024,1.0,292546800.0,292546800.0,Tồn đầu kỳ import
2025-07-01,ton_dau,TH.AR.A04.0012,1.0,59673600.0,59673600.0,Tồn đầu kỳ import
2025-07-01,ton_dau,TH.AR.A04.0014,1.0,81068399.99999999,81068400.0,Tồn đầu kỳ import
2025-07-01,ton_dau,TH.AR.A04.0014,1.0,81068399.99999999,81068400.0,Tồn đầu kỳ import
2025-07-01,ton_dau,TH.AR.A04.0015,1.0,82227600.0,82227600.0,Tồn đầu kỳ import
2026-04-29,nhap_moi,TH.AR.A01.0052,12.0,2835000.0,34020000.0,"Mua T4/2026, PO: PO.14.0326.024, Kho: Kho 89 LĐC"
2026-04-29,nhap_moi,TH.AR.A04.0007,4.0,27581400.0,110325600.0,"Mua T4/2026, PO: PO.14.0326.024, Kho: Kho 89 LĐC"
2026-04-29,nhap_moi,TH.AR.A04.0012,1.0,59673600.0,59673600.0,"Mua T4/2026, PO: PO.14.0326.020, Kho: Kho 89 LĐC"
2026-04-29,nhap_moi,TH.AR.A04.0016,1.0,96957000.0,96957000.0,"Mua T4/2026, PO: PO.14.0326.020, Kho: Kho 89 LĐC"
2026-04-29,nhap_moi,TH.AR.A04.0014,1.0,81068400.0,81068400.0,"Mua T4/2026, PO: PO.14.0326.020, Kho: Kho 89 LĐC"
2026-04-29,nhap_moi,TH.AR.A04.0015,1.0,82227600.0,82227600.0,"Mua T4/2026, PO: PO.14.0326.087, Kho: Kho 89 LĐC"
2026-04-29,nhap_moi,TH.AR.A04.0024,2.0,292546800.0,585093600.0,"Mua T4/2026, PO: PO.14.0426.015, Kho: Kho 89 LĐC"
2026-04-29,nhap_moi,TH.AR.A04.0002,2.0,139809600.0,279619200.0,"Mua T4/2026, PO: PO.14.0326.084, Kho: Kho 89 LĐC"
2026-04-29,nhap_moi,TH.AR.A04.0003,2.0,6350400.0,12700800.0,"Mua T4/2026, PO: PO.14.0326.024, Kho: Kho 89 LĐC"
2026-04-29,nhap_moi,TH.AR.A04.0004,2.0,140414400.0,280828800.0,"Mua T4/2026, PO: PO.14.0326.088, Kho: Kho 89 LĐC"
2026-05-14,nhap_moi,TH.AR.A04.0005,2.0,83575800.0,167151600.0,"Mua T4/2026, PO: PO.14.0326.021, Kho: Kho 89 LĐC"
2026-04-29,nhap_moi,TH.AR.A01.0180,4.0,38064600.0,152258400.0,"Mua T4/2026, PO: PO.14.0326.024, Kho: Kho Lữ Gia"
2026-04-29,nhap_moi,TH.AR.A01.0181,4.0,2998800.0,11995200.0,"Mua T4/2026, PO: PO.14.0326.024, Kho: Kho Lữ Gia"
2026-04-29,nhap_moi,TH.AR.A01.0183,4.0,6249600.0,24998400.0,"Mua T4/2026, PO: PO.14.0326.024, Kho: Kho Lữ Gia"
2026-04-29,nhap_moi,TH.AR.A01.0351,4.0,6350400.0,25401600.0,"Mua T4/2026, PO: PO.14.0326.024, Kho: Kho Lữ Gia"
2026-04-29,nhap_moi,TH.AR.A01.0136,4.0,5443200.0,21772800.0,"Mua T4/2026, PO: PO.14.0326.024, Kho: Kho Lữ Gia"
2026-04-29,nhap_moi,TH.AR.A02.0089,20.0,907200.0,18144000.0,"Mua T4/2026, PO: PO.14.0326.085, Kho: Kho Lữ Gia"
2026-04-29,nhap_moi,TH.AR.A01.0290,30.0,667800.0,20034000.0,"Mua T4/2026, PO: PO.14.0326.085, Kho: Kho Lữ Gia"
2026-04-29,nhap_moi,TH.AR.A01.0162,4.0,36099000.0,144396000.0,"Mua T4/2026, PO: PO.14.0326.024, Kho: Kho Lữ Gia"
2026-04-29,nhap_moi,TH.AR.A01.0137,4.0,5342400.0,21369600.0,"Mua T4/2026, PO: PO.14.0326.024, Kho: Kho Lữ Gia"
2026-04-29,nhap_moi,TH.AR.A02.0080,6.0,504000.0,3024000.0,"Mua T4/2026, PO: PO.14.0326.024, Kho: Kho Lữ Gia"
2026-04-29,nhap_moi,TH.AR.A01.0128,4.0,8442000.0,33768000.0,"Mua T4/2026, PO: PO.14.0326.024, Kho: Kho Lữ Gia"
2026-04-29,nhap_moi,TH.AR.A01.0129,4.0,8442000.0,33768000.0,"Mua T4/2026, PO: PO.14.0326.024, Kho: Kho Lữ Gia"
2026-04-29,nhap_moi,TH.AR.A01.0197,4.0,12448800.0,49795200.0,"Mua T4/2026, PO: PO.14.0326.024, Kho: Kho Lữ Gia"
2026-04-29,nhap_moi,TH.AR.A01.0052,4.0,2835000.0,11340000.0,"Mua T4/2026, PO: PO.14.0326.024, Kho: Kho Lữ Gia"
2026-04-29,nhap_moi,TH.AR.A01.0123,4.0,13872600.0,55490400.0,"Mua T4/2026, PO: PO.14.0326.024, Kho: Kho Lữ Gia"
2026-04-29,nhap_moi,TH.AR.A01.0171,4.0,8555400.0,34221600.0,"Mua T4/2026, PO: PO.14.0326.024, Kho: Kho Lữ Gia"
2026-04-29,nhap_moi,TH.AR.A01.0122,4.0,6514200.0,26056800.0,"Mua T4/2026, PO: PO.14.0326.024, Kho: Kho Lữ Gia"
2026-04-29,nhap_moi,TH.AR.A01.0081,4.0,2331000.0,9324000.0,"Mua T4/2026, PO: PO.14.0326.024, Kho: Kho Lữ Gia"
2026-04-29,nhap_moi,TH.AR.A01.0084,4.0,2167200.0,8668800.0,"Mua T4/2026, PO: PO.14.0326.024, Kho: Kho Lữ Gia"
2026-04-29,nhap_moi,TH.AR.A01.0085,4.0,3339000.0,13356000.0,"Mua T4/2026, PO: PO.14.0326.024, Kho: Kho Lữ Gia"
2026-04-29,nhap_moi,TH.AR.A01.0113,4.0,2167200.0,8668800.0,"Mua T4/2026, PO: PO.14.0326.024, Kho: Kho Lữ Gia"
2026-04-29,nhap_moi,TH.AR.A01.0114,4.0,3339000.0,13356000.0,"Mua T4/2026, PO: PO.14.0326.024, Kho: Kho Lữ Gia"
2026-04-29,nhap_moi,TH.AR.A01.0115,4.0,2167200.0,8668800.0,"Mua T4/2026, PO: PO.14.0326.024, Kho: Kho Lữ Gia"
2026-04-29,nhap_moi,TH.AR.A01.0116,4.0,3339000.0,13356000.0,"Mua T4/2026, PO: PO.14.0326.024, Kho: Kho Lữ Gia"
2026-04-29,nhap_moi,TH.AR.A01.0117,4.0,2167200.0,8668800.0,"Mua T4/2026, PO: PO.14.0326.024, Kho: Kho Lữ Gia"
2026-04-29,nhap_moi,TH.AR.A01.0118,4.0,3339000.0,13356000.0,"Mua T4/2026, PO: PO.14.0326.024, Kho: Kho Lữ Gia"
2026-04-29,nhap_moi,TH.AR.A01.0119,4.0,2167200.0,8668800.0,"Mua T4/2026, PO: PO.14.0326.024, Kho: Kho Lữ Gia"
2026-04-29,nhap_moi,TH.AR.A01.0125,4.0,5896800.0,23587200.0,"Mua T4/2026, PO: PO.14.0326.024, Kho: Kho Lữ Gia"
2026-04-29,nhap_moi,TH.AR.A01.0126,4.0,1663200.0,6652800.0,"Mua T4/2026, PO: PO.14.0326.085, Kho: Kho Lữ Gia"
2026-04-29,nhap_moi,TH.AR.A01.0051,2.0,8013600.0,16027200.0,"Mua T4/2026, PO: PO.14.0326.024, Kho: Kho Lữ Gia"
2026-04-29,nhap_moi,TH.AR.A01.0048,2.0,5506200.0,11012400.0,"Mua T4/2026, PO: PO.14.0326.024, Kho: Kho Lữ Gia"
2026-04-29,nhap_moi,TH.AR.A01.0032,2.0,4510800.0,9021600.0,"Mua T4/2026, PO: PO.14.0326.024, Kho: Kho Lữ Gia"
2026-04-29,nhap_moi,TH.AR.A01.0030,2.0,831600.0,1663200.0,"Mua T4/2026, PO: PO.14.0326.024, Kho: Kho Lữ Gia"
2026-04-29,nhap_moi,TH.AR.A01.0052,2.0,2835000.0,5670000.0,"Mua T4/2026, PO: PO.14.0326.024, Kho: Kho Lữ Gia"
2026-04-29,nhap_moi,TH.AR.A01.0055,2.0,6174000.0,12348000.0,"Mua T4/2026, PO: PO.14.0326.023, Kho: Kho Lữ Gia"
2026-04-29,nhap_moi,TH.AR.A01.0016,2.0,4674600.0,9349200.0,"Mua T4/2026, PO: PO.14.0326.024, Kho: Kho Lữ Gia"
2026-04-29,nhap_moi,TH.AR.A01.0109,2.0,4510800.0,9021600.0,"Mua T4/2026, PO: PO.14.0326.024, Kho: Kho Lữ Gia"
2026-04-29,nhap_moi,TH.AR.A01.0024,2.0,4674600.0,9349200.0,"Mua T4/2026, PO: PO.14.0326.024, Kho: Kho Lữ Gia"
2026-04-29,nhap_moi,TH.AR.A01.0045,2.0,7522200.0,15044400.0,"Mua T4/2026, PO: PO.14.0326.024, Kho: Kho Lữ Gia"
2026-04-29,nhap_moi,TH.AR.A01.0043,2.0,1159200.0,2318400.0,"Mua T4/2026, PO: PO.14.0326.023, Kho: Kho Lữ Gia"
2026-04-29,nhap_moi,TH.AR.A01.0042,2.0,1159200.0,2318400.0,"Mua T4/2026, PO: PO.14.0326.024, Kho: Kho Lữ Gia"
2026-04-29,nhap_moi,TH.AR.A01.0017,2.0,12448800.0,24897600.0,"Mua T4/2026, PO: PO.14.0326.024, Kho: Kho Lữ Gia"
2026-04-29,nhap_moi,TH.AR.A01.0018,2.0,18219600.0,36439200.0,"Mua T4/2026, PO: PO.14.0326.024, Kho: Kho Lữ Gia"
2026-04-29,nhap_moi,TH.AR.A01.0056,2.0,12448800.0,24897600.0,"Mua T4/2026, PO: PO.14.0326.024, Kho: Kho Lữ Gia"
2026-04-29,nhap_moi,TH.AR.A01.0020,2.0,14036400.0,28072800.0,"Mua T4/2026, PO: PO.14.0326.023, Kho: Kho Lữ Gia"
2026-04-29,nhap_moi,TH.AR.A01.0022,2.0,17211600.0,34423200.0,"Mua T4/2026, PO: PO.14.0326.024, Kho: Kho Lữ Gia"
2026-04-29,nhap_moi,TH.AR.A01.0034,2.0,6010200.0,12020400.0,"Mua T4/2026, PO: PO.14.0326.024, Kho: Kho Lữ Gia"
2026-04-29,nhap_moi,TH.AR.A01.0035,16.0,2331000.0,37296000.0,"Mua T4/2026, PO: PO.14.0326.024, Kho: Kho Lữ Gia"
2026-04-29,nhap_moi,TH.AR.A01.0036,16.0,2331000.0,37296000.0,"Mua T4/2026, PO: PO.14.0326.024, Kho: Kho Lữ Gia"
2026-04-29,nhap_moi,TH.AR.A01.0035,14.0,2331000.0,32634000.0,"Mua T4/2026, PO: PO.14.0326.023, Kho: Kho Lữ Gia"
2026-04-29,nhap_moi,TH.AR.A01.0036,14.0,2331000.0,32634000.0,"Mua T4/2026, PO: PO.14.0326.023, Kho: Kho Lữ Gia"
2026-04-09,nhap_moi,TH.AR.A04.0016,1.0,96957000.0,96957000.0,"Mua T4/2026, PO: PO.14.0326.026, Kho: Kho 89 LĐC"
2026-04-29,nhap_moi,TH.AR.A01.0123,1.0,13872600.0,13872600.0,"Mua T4/2026, PO: PO.14.0426.010, Kho: Kho Lữ Gia"
2026-04-29,nhap_moi,TH.AR.A01.0143,1.0,9021600.0,9021600.0,"Mua T4/2026, PO: PO.14.0426.010, Kho: Kho Lữ Gia"
2026-04-29,nhap_moi,TH.AR.A01.0144,1.0,9021600.0,9021600.0,"Mua T4/2026, PO: PO.14.0426.010, Kho: Kho Lữ Gia"
2026-04-29,nhap_moi,TH.AR.A01.0124,1.0,5896800.0,5896800.0,"Mua T4/2026, PO: PO.14.0426.010, Kho: Kho Lữ Gia"
2026-04-29,nhap_moi,TH.AR.A01.0125,1.0,5896800.0,5896800.0,"Mua T4/2026, PO: PO.14.0426.010, Kho: Kho Lữ Gia"
2026-04-29,nhap_moi,TH.AR.A01.0281,1.0,2331000.0,2331000.0,"Mua T4/2026, PO: PO.14.0426.010, Kho: Kho Lữ Gia"
2026-04-29,nhap_moi,TH.AR.A01.0126,1.0,1663200.0,1663200.0,"Mua T4/2026, PO: PO.14.0426.010, Kho: Kho Lữ Gia"
2026-04-29,nhap_moi,TH.AR.A01.0280,1.0,333900.0,333900.0,"Mua T4/2026, PO: PO.14.0426.010, Kho: Kho Lữ Gia"
2026-04-29,nhap_moi,TH.AR.A01.0052,1.0,2835000.0,2835000.0,"Mua T4/2026, PO: PO.14.0426.010, Kho: Kho Lữ Gia"
2026-04-29,nhap_moi,TH.AR.A01.0122,1.0,6514200.0,6514200.0,"Mua T4/2026, PO: PO.14.0426.010, Kho: Kho Lữ Gia"
2026-04-29,nhap_moi,TH.AR.A01.0279,1.0,5481000.0,5481000.0,"Mua T4/2026, PO: PO.14.0426.010, Kho: Kho Lữ Gia"
2026-04-29,nhap_moi,TH.AR.A01.0351,1.0,6350400.0,6350400.0,"Mua T4/2026, PO: PO.14.0426.010, Kho: Kho Lữ Gia"
2026-04-29,nhap_moi,TH.AR.A04.0070,1.0,6350400.0,6350400.0,"Mua T4/2026, PO: PO.14.0426.010, Kho: Kho Lữ Gia"
2026-04-29,nhap_moi,TH.AR.A01.0136,1.0,5443200.0,5443200.0,"Mua T4/2026, PO: PO.14.0426.010, Kho: Kho Lữ Gia"
2026-04-29,nhap_moi,TH.AR.A01.0108,1.0,7849800.0,7849800.0,"Mua T4/2026, PO: PO.14.0426.010, Kho: Kho Lữ Gia"
2026-04-29,nhap_moi,TH.AR.A04.0071,1.0,5846400.0,5846400.0,"Mua T4/2026, PO: PO.14.0426.010, Kho: Kho Lữ Gia"
2026-04-29,nhap_moi,TH.AR.A04.0072,1.0,781200.0,781200.0,"Mua T4/2026, PO: PO.14.0426.010, Kho: Kho Lữ Gia"
2026-04-29,nhap_moi,TH.AR.A04.0073,1.0,9185400.0,9185400.0,"Mua T4/2026, PO: PO.14.0426.010, Kho: Kho Lữ Gia"
2026-04-29,nhap_moi,TH.AR.A01.0263,1.0,4737600.0,4737600.0,"Mua T4/2026, PO: PO.14.0426.010, Kho: Kho Lữ Gia"
2026-04-29,nhap_moi,TH.AR.A01.0283,1.0,5594400.0,5594400.0,"Mua T4/2026, PO: PO.14.0426.010, Kho: Kho Lữ Gia"
2026-04-29,nhap_moi,TH.AR.A01.0129,1.0,8442000.0,8442000.0,"Mua T4/2026, PO: PO.14.0426.010, Kho: Kho Lữ Gia"
2026-04-29,nhap_moi,TH.AR.A01.0128,1.0,8442000.0,8442000.0,"Mua T4/2026, PO: PO.14.0426.010, Kho: Kho Lữ Gia"
2026-04-29,nhap_moi,TH.AR.A01.0278,1.0,1827000.0,1827000.0,"Mua T4/2026, PO: PO.14.0426.010, Kho: Kho Lữ Gia"
2026-06-02,nhap_moi,TH.AR.A01.0153,1.0,2331000.0,2331000.0,"Mua T6/2026, PO: PO.14.0426.047, Kho: Kho Lữ Gia"
2026-04-29,nhap_moi,TH.AR.A01.0152,1.0,2331000.0,2331000.0,"Mua T4/2026, PO: PO.14.0426.010, Kho: Kho Lữ Gia"
2026-04-29,nhap_moi,TH.AR.A01.0321,1.0,2671200.0,2671200.0,"Mua T4/2026, PO: PO.14.0426.010, Kho: Kho Lữ Gia"
2026-04-29,nhap_moi,TH.AR.A01.0119,1.0,2167200.0,2167200.0,"Mua T4/2026, PO: PO.14.0426.010, Kho: Kho Lữ Gia"
2026-04-29,nhap_moi,TH.AR.A01.0117,1.0,2167200.0,2167200.0,"Mua T4/2026, PO: PO.14.0426.010, Kho: Kho Lữ Gia"
2026-04-29,nhap_moi,TH.AR.A01.0115,1.0,2167200.0,2167200.0,"Mua T4/2026, PO: PO.14.0426.010, Kho: Kho Lữ Gia"
2026-04-29,nhap_moi,TH.AR.A01.0162,1.0,36099000.0,36099000.0,"Mua T4/2026, PO: PO.14.0426.010, Kho: Kho Lữ Gia"
2026-04-29,nhap_moi,TH.AR.A01.0137,1.0,5342400.0,5342400.0,"Mua T4/2026, PO: PO.14.0426.010, Kho: Kho Lữ Gia"
2026-04-29,nhap_moi,TH.AR.A01.0140,1.0,2835000.0,2835000.0,"Mua T4/2026, PO: PO.14.0426.010, Kho: Kho Lữ Gia"
2026-04-29,nhap_moi,TH.AR.A01.0170,1.0,8555400.0,8555400.0,"Mua T4/2026, PO: PO.14.0426.010, Kho: Kho Lữ Gia"
2026-04-29,nhap_moi,TH.AR.A01.0171,1.0,8555400.0,8555400.0,"Mua T4/2026, PO: PO.14.0426.010, Kho: Kho Lữ Gia"
2026-04-29,nhap_moi,TH.AR.A04.0074,1.0,8542800.0,8542800.0,"Mua T4/2026, PO: PO.14.0426.010, Kho: Kho Lữ Gia"
2026-04-29,nhap_moi,TH.AR.A01.0080,1.0,2331000.0,2331000.0,"Mua T4/2026, PO: PO.14.0426.010, Kho: Kho Lữ Gia"
2026-04-29,nhap_moi,TH.AR.A01.0081,1.0,2331000.0,2331000.0,"Mua T4/2026, PO: PO.14.0426.010, Kho: Kho Lữ Gia"
2026-04-29,nhap_moi,TH.AR.A01.0082,1.0,2167200.0,2167200.0,"Mua T4/2026, PO: PO.14.0426.010, Kho: Kho Lữ Gia"
2026-04-29,nhap_moi,TH.AR.A01.0083,1.0,3339000.0,3339000.0,"Mua T4/2026, PO: PO.14.0426.010, Kho: Kho Lữ Gia"
2026-04-29,nhap_moi,TH.AR.A01.0084,1.0,2167200.0,2167200.0,"Mua T4/2026, PO: PO.14.0426.010, Kho: Kho Lữ Gia"
2026-04-29,nhap_moi,TH.AR.A01.0085,1.0,3339000.0,3339000.0,"Mua T4/2026, PO: PO.14.0426.010, Kho: Kho Lữ Gia"
2026-04-29,nhap_moi,TH.AR.A01.0113,1.0,2167200.0,2167200.0,"Mua T4/2026, PO: PO.14.0426.010, Kho: Kho Lữ Gia"
2026-04-29,nhap_moi,TH.AR.A01.0114,1.0,3339000.0,3339000.0,"Mua T4/2026, PO: PO.14.0426.010, Kho: Kho Lữ Gia"
2026-04-29,nhap_moi,TH.AR.A01.0116,1.0,3339000.0,3339000.0,"Mua T4/2026, PO: PO.14.0426.010, Kho: Kho Lữ Gia"
2026-04-29,nhap_moi,TH.AR.A01.0118,1.0,3339000.0,3339000.0,"Mua T4/2026, PO: PO.14.0426.010, Kho: Kho Lữ Gia"
2026-04-29,nhap_moi,TH.AR.A01.0120,1.0,3339000.0,3339000.0,"Mua T4/2026, PO: PO.14.0426.010, Kho: Kho Lữ Gia"
2026-04-29,nhap_moi,TH.AR.A04.0075,1.0,2835000.0,2835000.0,"Mua T4/2026, PO: PO.14.0426.010, Kho: Kho Lữ Gia"
2026-04-29,nhap_moi,TH.AR.A01.0130,1.0,3225600.0,3225600.0,"Mua T4/2026, PO: PO.14.0426.010, Kho: Kho Lữ Gia"
2026-04-29,nhap_moi,TH.AR.A01.0131,1.0,3225600.0,3225600.0,"Mua T4/2026, PO: PO.14.0426.010, Kho: Kho Lữ Gia"
2026-04-29,nhap_moi,TH.AR.A01.0132,1.0,3225600.0,3225600.0,"Mua T4/2026, PO: PO.14.0426.010, Kho: Kho Lữ Gia"
2026-04-29,nhap_moi,TH.AR.A01.0133,1.0,3225600.0,3225600.0,"Mua T4/2026, PO: PO.14.0426.010, Kho: Kho Lữ Gia"
2026-04-29,nhap_moi,TH.AR.A02.0081,6.0,504000.0,3024000.0,"Mua T4/2026, PO: PO.14.0426.010, Kho: Kho Lữ Gia"
2026-04-29,nhap_moi,TH.AR.A02.0089,1.0,907200.0,907200.0,"Mua T4/2026, PO: PO.14.0426.010, Kho: Kho Lữ Gia"
2026-04-29,nhap_moi,TH.AR.A01.0180,1.0,38064600.0,38064600.0,"Mua T4/2026, PO: PO.14.0426.010, Kho: Kho Lữ Gia"
2026-04-29,nhap_moi,TH.AR.A01.0182,1.0,10306800.0,10306800.0,"Mua T4/2026, PO: PO.14.0426.010, Kho: Kho Lữ Gia"
2026-04-29,nhap_moi,TH.AR.A01.0183,1.0,6249600.0,6249600.0,"Mua T4/2026, PO: PO.14.0426.010, Kho: Kho Lữ Gia"
2026-04-29,nhap_moi,TH.AR.A01.0185,2.0,8492400.0,16984800.0,"Mua T4/2026, PO: PO.14.0426.010, Kho: Kho Lữ Gia"
2026-04-29,nhap_moi,TH.AR.A01.0181,2.0,2998800.0,5997600.0,"Mua T4/2026, PO: PO.14.0426.010, Kho: Kho Lữ Gia"
2026-04-29,nhap_moi,TH.AR.A01.0184,1.0,6413400.0,6413400.0,"Mua T4/2026, PO: PO.14.0426.010, Kho: Kho Lữ Gia"
2026-04-29,nhap_moi,TH.AR.A01.0031,1.0,4510800.0,4510800.0,"Mua T4/2026, PO: PO.14.0426.010, Kho: Kho Lữ Gia"
2026-04-29,nhap_moi,TH.AR.A01.0032,1.0,4510800.0,4510800.0,"Mua T4/2026, PO: PO.14.0426.010, Kho: Kho Lữ Gia"
2026-04-29,nhap_moi,TH.AR.A01.0341,1.0,3666600.0,3666600.0,"Mua T4/2026, PO: PO.14.0426.010, Kho: Kho Lữ Gia"
2026-04-29,nhap_moi,TH.AR.A01.0342,1.0,3666600.0,3666600.0,"Mua T4/2026, PO: PO.14.0426.010, Kho: Kho Lữ Gia"
2026-04-29,nhap_moi,TH.AR.A01.0344,1.0,1663200.0,1663200.0,"Mua T4/2026, PO: PO.14.0426.010, Kho: Kho Lữ Gia"
2026-04-29,nhap_moi,TH.AR.A01.0028,1.0,16380000.0,16380000.0,"Mua T4/2026, PO: PO.14.0426.010, Kho: Kho Lữ Gia"
2026-04-29,nhap_moi,TH.AR.A01.0022,1.0,17211600.0,17211600.0,"Mua T4/2026, PO: PO.14.0426.010, Kho: Kho Lữ Gia"
2026-04-29,nhap_moi,TH.AR.A01.0021,1.0,17211600.0,17211600.0,"Mua T4/2026, PO: PO.14.0426.010, Kho: Kho Lữ Gia"
2026-04-29,nhap_moi,TH.AR.A01.0029,1.0,16380000.0,16380000.0,"Mua T4/2026, PO: PO.14.0426.010, Kho: Kho Lữ Gia"
2026-04-29,nhap_moi,TH.AR.A01.0020,1.0,14036400.0,14036400.0,"Mua T4/2026, PO: PO.14.0426.010, Kho: Kho Lữ Gia"
2026-04-29,nhap_moi,TH.AR.A01.0109,1.0,4510800.0,4510800.0,"Mua T4/2026, PO: PO.14.0426.010, Kho: Kho Lữ Gia"
2026-04-29,nhap_moi,TH.AR.A01.0016,1.0,4674600.0,4674600.0,"Mua T4/2026, PO: PO.14.0426.010, Kho: Kho Lữ Gia"
2026-04-29,nhap_moi,TH.AR.A01.0027,1.0,4674600.0,4674600.0,"Mua T4/2026, PO: PO.14.0426.010, Kho: Kho Lữ Gia"
2026-04-29,nhap_moi,TH.AR.A01.0026,1.0,5846400.0,5846400.0,"Mua T4/2026, PO: PO.14.0426.010, Kho: Kho Lữ Gia"
2026-04-29,nhap_moi,TH.AR.A01.0345,1.0,4170600.0,4170600.0,"Mua T4/2026, PO: PO.14.0426.010, Kho: Kho Lữ Gia"
2026-04-29,nhap_moi,TH.AR.A01.0056,1.0,12448800.0,12448800.0,"Mua T4/2026, PO: PO.14.0426.010, Kho: Kho Lữ Gia"
2026-04-29,nhap_moi,TH.AR.A01.0024,1.0,4674600.0,4674600.0,"Mua T4/2026, PO: PO.14.0426.010, Kho: Kho Lữ Gia"
2026-04-29,nhap_moi,TH.AR.A01.0025,1.0,4674600.0,4674600.0,"Mua T4/2026, PO: PO.14.0426.010, Kho: Kho Lữ Gia"
2026-04-29,nhap_moi,TH.AR.A01.0346,1.0,12448800.0,12448800.0,"Mua T4/2026, PO: PO.14.0426.010, Kho: Kho Lữ Gia"
2026-04-29,nhap_moi,TH.AR.A01.0017,1.0,12448800.0,12448800.0,"Mua T4/2026, PO: PO.14.0426.010, Kho: Kho Lữ Gia"
2026-04-29,nhap_moi,TH.AR.A01.0049,1.0,8353800.0,8353800.0,"Mua T4/2026, PO: PO.14.0426.010, Kho: Kho Lữ Gia"
2026-04-29,nhap_moi,TH.AR.A01.0046,1.0,5506200.0,5506200.0,"Mua T4/2026, PO: PO.14.0426.010, Kho: Kho Lữ Gia"
2026-04-29,nhap_moi,TH.AR.A01.0048,1.0,5506200.0,5506200.0,"Mua T4/2026, PO: PO.14.0426.010, Kho: Kho Lữ Gia"
2026-06-02,nhap_moi,TH.AR.A01.0055,1.0,6174000.0,6174000.0,"Mua T6/2026, PO: PO.14.0426.047, Kho: Kho Lữ Gia"
2026-04-29,nhap_moi,TH.AR.A01.0023,1.0,17211600.0,17211600.0,"Mua T4/2026, PO: PO.14.0426.010, Kho: Kho Lữ Gia"
2026-04-29,nhap_moi,TH.AR.A01.0030,1.0,831600.0,831600.0,"Mua T4/2026, PO: PO.14.0426.010, Kho: Kho Lữ Gia"
2026-04-29,nhap_moi,TH.AR.A01.0348,1.0,2507400.0,2507400.0,"Mua T4/2026, PO: PO.14.0426.010, Kho: Kho Lữ Gia"
2026-04-29,nhap_moi,TH.AR.A01.0039,1.0,44100000.0,44100000.0,"Mua T4/2026, PO: PO.14.0426.010, Kho: Kho Lữ Gia"
2026-04-29,nhap_moi,TH.AR.A01.0350,1.0,12448800.0,12448800.0,"Mua T4/2026, PO: PO.14.0426.010, Kho: Kho Lữ Gia"
2026-04-29,nhap_moi,TH.AR.A01.0018,1.0,18219600.0,18219600.0,"Mua T4/2026, PO: PO.14.0426.010, Kho: Kho Lữ Gia"
2026-05-14,nhap_moi,TH.AR.A04.0023,1.0,2100000.0,2100000.0,"Mua T4/2026, PO: PO.14.0426.016, Kho: Kho 89 LĐC"
2026-05-05,nhap_moi,TH.AR.A02.0163,5.0,3507000.0,17535000.0,"Mua T4/2026, PO: PO.14.0426.012, Kho: Kho Lữ Gia"
2026-05-05,nhap_moi,TH.AR.A01.0007,2.0,1249500.0,2499000.0,"Mua T4/2026, PO: PO.14.0426.012, Kho: Kho Lữ Gia"
2026-05-05,nhap_moi,TH.AR.A01.0008,2.0,1249500.0,2499000.0,"Mua T4/2026, PO: PO.14.0426.012, Kho: Kho Lữ Gia"
2026-05-05,nhap_moi,TH.AR.A02.0042,10.0,2992500.0,29925000.0,"Mua T4/2026, PO: PO.14.0426.012, Kho: Kho Lữ Gia"
2026-05-05,nhap_moi,TH.AR.A02.0209,10.0,2782500.0,27825000.0,"Mua T4/2026, PO: PO.14.0426.012, Kho: Kho Lữ Gia"
2026-05-05,nhap_moi,TH.AR.A04.0076,4.0,2572500.0,10290000.0,"Mua T4/2026, PO: PO.14.0426.012, Kho: Kho Lữ Gia"
2026-05-05,nhap_moi,TH.AR.A02.0009,4.0,1113000.0,4452000.0,"Mua T4/2026, PO: PO.14.0426.012, Kho: Kho Lữ Gia"
2026-05-05,nhap_moi,TH.AR.A02.0009,2.0,1113000.0,2226000.0,"Mua T4/2026, PO: PO.14.0426.012, Kho: Kho Lữ Gia"
2026-05-05,nhap_moi,TH.AR.A02.0212,2.0,9397500.0,18795000.0,"Mua T4/2026, PO: PO.14.0426.012, Kho: Kho Lữ Gia"
2026-05-05,nhap_moi,TH.AR.A01.0295,2.0,5145000.0,10290000.0,"Mua T4/2026, PO: PO.14.0426.012, Kho: Kho Lữ Gia"
2026-05-05,nhap_moi,TH.AR.A02.0210,4.0,903000.0,3612000.0,"Mua T4/2026, PO: PO.14.0426.012, Kho: Kho Lữ Gia"
2026-05-05,nhap_moi,TH.AR.A01.0352,4.0,2887500.0,11550000.0,"Mua T4/2026, PO: PO.14.0426.012, Kho: Kho Lữ Gia"
2026-05-05,nhap_moi,TH.AR.A02.0211,4.0,7549500.0,30198000.0,"Mua T4/2026, PO: PO.14.0426.012, Kho: Kho Lữ Gia"
2026-04-29,nhap_moi,TH.AR.A01.0227,2.0,4737600.0,9475200.0,"Mua T4/2026, PO: PO.14.0426.011, Kho: Kho Lữ Gia"
2026-04-29,nhap_moi,TH.AR.A01.0224,2.0,831600.0,1663200.0,"Mua T4/2026, PO: PO.14.0426.011, Kho: Kho Lữ Gia"
2026-04-29,nhap_moi,TH.AR.A01.0353,2.0,1071000.0,2142000.0,"Mua T4/2026, PO: PO.14.0426.011, Kho: Kho Lữ Gia"
2026-04-29,nhap_moi,TH.AR.A01.0083,2.0,3339000.0,6678000.0,"Mua T4/2026, PO: PO.14.0426.011, Kho: Kho Lữ Gia"
2026-04-29,nhap_moi,TH.AR.A01.0235,1.0,12196800.0,12196800.0,"Mua T4/2026, PO: PO.14.0426.011, Kho: Kho Lữ Gia"
2026-06-05,nhap_moi,TH.AR.A04.0016,6.0,96957000.0,581742000.0,"Mua T5/2026, PO: PO.14.0526.030, Kho: Kho Lữ Gia"
2026-06-05,nhap_moi,TH.AR.A04.0012,3.0,59673600.0,179020800.0,"Mua T5/2026, PO: PO.14.0526.031 , Kho: Kho Lữ Gia"
2026-06-08,nhap_moi,TH.AR.A04.0007,10.0,27581400.0,275814000.0,"Mua T5/2026, PO: PO.14.0526.032, Kho: Kho Lữ Gia"
2026-06-17,nhap_moi,TH.AR.A04.0016,1.0,96957000.0,96957000.0,"Mua T6/2026, PO: PO.14.0526.082, Kho: Kho 89 LĐC"
2026-06-10,nhap_moi,TH.AR.A04.0007,1.0,27581400.0,27581400.0,"Mua T6/2026, PO: PO.14.0526.082, Kho: Kho 89 LĐC"
2026-06-12,nhap_moi,TH.AR.A04.0064,1.0,126000000.0,126000000.0,"Mua T6/2026, PO: PO.14.0526.074, Kho: Kho 89 LĐC"
2026-06-12,nhap_moi,TH.AR.A04.0067,1.0,2520000.0,2520000.0,"Mua T6/2026, PO: PO.14.0526.074, Kho: Kho 89 LĐC"
2026-06-12,nhap_moi,TH.AR.A04.0065,1.0,56700000.0,56700000.0,"Mua T6/2026, PO: PO.14.0526.074, Kho: Kho 89 LĐC"
2026-06-12,nhap_moi,TH.AR.A04.0069,1.0,5040000.0,5040000.0,"Mua T6/2026, PO: PO.14.0526.074, Kho: Kho 89 LĐC"
2026-06-12,nhap_moi,TH.AR.A04.0068,1.0,10080000.0,10080000.0,"Mua T6/2026, PO: PO.14.0526.074, Kho: Kho 89 LĐC"
2026-06-24,nhap_moi,TH.AR.A04.0060,1.0,390600000.0,390600000.0,"Mua T6/2026, PO: PO.14.0526.071, Kho: Kho 89 LĐC"
2026-06-24,nhap_moi,TH.AR.A04.0080,1.0,0.0,0.0,"Mua T6/2026, PO: PO.14.0526.071, Kho: Kho 89 LĐC"
2026-06-24,nhap_moi,TH.AR.A04.0063,1.0,107982000.0,107982000.0,"Mua T6/2026, PO: PO.14.0526.071, Kho: Kho 89 LĐC"
2026-06-24,nhap_moi,TH.AR.A04.0062,1.0,31500000.0,31500000.0,"Mua T6/2026, PO: PO.14.0526.071, Kho: Kho 89 LĐC"
2026-06-24,nhap_moi,TH.AR.A04.0061,1.0,220500000.0,220500000.0,"Mua T6/2026, PO: PO.14.0526.071, Kho: Kho 89 LĐC"
2026-06-24,nhap_moi,TH.AR.A04.0066,1.0,12600000.0,12600000.0,"Mua T6/2026, PO: PO.14.0526.071, Kho: Kho 89 LĐC"
2026-04-29,dieu_chuyen,TH.AR.A01.0018,3.0,18219600.0,54658800.0,Điều chuyển từ Kho Lữ Gia → Phạm Xuân Hoàn
2026-04-29,dieu_chuyen,TH.AR.A01.0020,1.0,14036400.0,14036400.0,Điều chuyển từ Kho Lữ Gia → Nguyễn Văn Việt
2026-04-29,dieu_chuyen,TH.AR.A01.0020,1.0,14036400.0,14036400.0,Điều chuyển từ Kho Lữ Gia → Lê Quang Hoàng
2026-04-29,dieu_chuyen,TH.AR.A01.0020,1.0,14036400.0,14036400.0,Điều chuyển từ Kho Lữ Gia → Nguyễn Ngọc Hải
2026-04-29,dieu_chuyen,TH.AR.A01.0021,1.0,17211600.0,17211600.0,Điều chuyển từ Kho Lữ Gia → Nguyễn Văn Việt
2026-04-29,dieu_chuyen,TH.AR.A01.0022,3.0,17211600.0,51634800.0,Điều chuyển từ Kho Lữ Gia → Phạm Xuân Hoàn
2026-04-29,dieu_chuyen,TH.AR.A01.0024,3.0,4674600.0,14023800.0,Điều chuyển từ Kho Lữ Gia → Phạm Xuân Hoàn
2026-04-29,dieu_chuyen,TH.AR.A01.0026,1.0,5846400.0,5846400.0,Điều chuyển từ Kho Lữ Gia → Trần Ngọc Thọ
2026-04-29,dieu_chuyen,TH.AR.A01.0030,2.0,831600.0,1663200.0,Điều chuyển từ Kho Lữ Gia → Phạm Xuân Hoàn
2026-04-29,dieu_chuyen,TH.AR.A01.0030,1.0,831600.0,831600.0,Điều chuyển từ Kho Lữ Gia → Nguyễn Đức Hùng
2026-04-29,dieu_chuyen,TH.AR.A01.0031,1.0,4510800.0,4510800.0,Điều chuyển từ Kho Lữ Gia → Phạm Xuân Hoàn
2026-04-29,dieu_chuyen,TH.AR.A01.0032,3.0,4510800.0,13532400.0,Điều chuyển từ Kho Lữ Gia → Phạm Xuân Hoàn
2026-04-29,dieu_chuyen,TH.AR.A01.0034,1.0,6010200.0,6010200.0,Điều chuyển từ Kho Lữ Gia → Nguyễn Văn Việt
2026-04-29,dieu_chuyen,TH.AR.A01.0034,1.0,6010200.0,6010200.0,Điều chuyển từ Kho Lữ Gia → Lê Quang Hoàng
2026-04-29,dieu_chuyen,TH.AR.A01.0035,1.0,2331000.0,2331000.0,Điều chuyển từ Kho Lữ Gia → Nguyễn Văn Việt
2026-04-29,dieu_chuyen,TH.AR.A01.0035,1.0,2331000.0,2331000.0,Điều chuyển từ Kho Lữ Gia → Lê Quang Hoàng
2026-04-29,dieu_chuyen,TH.AR.A01.0035,1.0,2331000.0,2331000.0,Điều chuyển từ Kho Lữ Gia → Nguyễn Ngọc Hải
2026-04-29,dieu_chuyen,TH.AR.A01.0035,1.0,2331000.0,2331000.0,Điều chuyển từ Kho Lữ Gia → Trần Ngọc Thọ
2026-04-29,dieu_chuyen,TH.AR.A01.0035,1.0,2331000.0,2331000.0,Điều chuyển từ Kho Lữ Gia → Phạm Đình Sơn
2026-04-29,dieu_chuyen,TH.AR.A01.0035,1.0,2331000.0,2331000.0,Điều chuyển từ Kho Lữ Gia → Lê Quang Hoàng
2026-04-29,dieu_chuyen,TH.AR.A01.0035,1.0,2331000.0,2331000.0,Điều chuyển từ Kho Lữ Gia → Phan Tấn Đạt
2026-04-29,dieu_chuyen,TH.AR.A01.0035,23.0,2331000.0,53613000.0,Giữ tại Kho Lữ Gia (chưa điều chuyển)
2026-04-29,dieu_chuyen,TH.AR.A01.0036,1.0,2331000.0,2331000.0,Điều chuyển từ Kho Lữ Gia → Nguyễn Văn Việt
2026-04-29,dieu_chuyen,TH.AR.A01.0036,1.0,2331000.0,2331000.0,Điều chuyển từ Kho Lữ Gia → Lê Quang Hoàng
2026-04-29,dieu_chuyen,TH.AR.A01.0036,1.0,2331000.0,2331000.0,Điều chuyển từ Kho Lữ Gia → Nguyễn Ngọc Hải
2026-04-29,dieu_chuyen,TH.AR.A01.0036,1.0,2331000.0,2331000.0,Điều chuyển từ Kho Lữ Gia → Trần Ngọc Thọ
2026-04-29,dieu_chuyen,TH.AR.A01.0036,1.0,2331000.0,2331000.0,Điều chuyển từ Kho Lữ Gia → Phạm Đình Sơn
2026-04-29,dieu_chuyen,TH.AR.A01.0036,1.0,2331000.0,2331000.0,Điều chuyển từ Kho Lữ Gia → Lê Quang Hoàng
2026-04-29,dieu_chuyen,TH.AR.A01.0036,1.0,2331000.0,2331000.0,Điều chuyển từ Kho Lữ Gia → Phan Tấn Đạt
2026-04-29,dieu_chuyen,TH.AR.A01.0036,23.0,2331000.0,53613000.0,Giữ tại Kho Lữ Gia (chưa điều chuyển)
2026-04-29,dieu_chuyen,TH.AR.A01.0039,1.0,44100000.0,44100000.0,Điều chuyển từ Kho Lữ Gia → Phạm Xuân Hoàn
2026-04-29,dieu_chuyen,TH.AR.A01.0042,2.0,1159200.0,2318400.0,Điều chuyển từ Kho Lữ Gia → Phạm Xuân Hoàn
2026-04-29,dieu_chuyen,TH.AR.A01.0043,1.0,1159200.0,1159200.0,Điều chuyển từ Kho Lữ Gia → Trần Ngọc Thọ
2026-04-29,dieu_chuyen,TH.AR.A01.0043,1.0,1159200.0,1159200.0,Điều chuyển từ Kho Lữ Gia → Phan Tấn Đạt
2026-04-29,dieu_chuyen,TH.AR.A01.0045,2.0,7522200.0,15044400.0,Điều chuyển từ Kho Lữ Gia → Phạm Xuân Hoàn
2026-04-29,dieu_chuyen,TH.AR.A01.0048,3.0,5506200.0,16518600.0,Điều chuyển từ Kho Lữ Gia → Phạm Xuân Hoàn
2026-04-29,dieu_chuyen,TH.AR.A01.0049,1.0,8353800.0,8353800.0,Điều chuyển từ Kho Lữ Gia → Nguyễn Văn Việt
2026-04-29,dieu_chuyen,TH.AR.A01.0051,2.0,8013600.0,16027200.0,Điều chuyển từ Kho Lữ Gia → Phạm Xuân Hoàn
2026-04-29,dieu_chuyen,TH.AR.A01.0052,4.0,2835000.0,11340000.0,Điều chuyển từ Kho 89 LĐC → Nguyễn Văn Việt
2026-04-29,dieu_chuyen,TH.AR.A01.0052,4.0,2835000.0,11340000.0,Điều chuyển từ Kho 89 LĐC → Phạm Đức Huy
2026-04-29,dieu_chuyen,TH.AR.A01.0052,3.0,2835000.0,8505000.0,Điều chuyển từ Kho 89 LĐC → Hà Minh Mẫn
2026-04-29,dieu_chuyen,TH.AR.A01.0052,2.0,2835000.0,5670000.0,Điều chuyển từ Kho 89 LĐC → Phạm Xuân Hoàn
2026-04-29,dieu_chuyen,TH.AR.A01.0052,2.0,2835000.0,5670000.0,Điều chuyển từ Kho 89 LĐC → Phan Tấn Đạt
2026-04-29,dieu_chuyen,TH.AR.A01.0052,2.0,2835000.0,5670000.0,Điều chuyển từ Kho 89 LĐC → Nguyễn Ngọc Hải
2026-04-29,dieu_chuyen,TH.AR.A01.0052,2.0,2835000.0,5670000.0,Điều chuyển từ Kho 89 LĐC → Nguyễn Đức Hùng
2026-04-29,dieu_chuyen,TH.AR.A01.0055,1.0,6174000.0,6174000.0,Điều chuyển từ Kho Lữ Gia → Phan Tấn Đạt
2026-04-29,dieu_chuyen,TH.AR.A01.0055,2.0,6174000.0,12348000.0,Giữ tại Kho Lữ Gia (chưa điều chuyển)
2026-04-29,dieu_chuyen,TH.AR.A01.0056,3.0,12448800.0,37346400.0,Điều chuyển từ Kho Lữ Gia → Phạm Xuân Hoàn
2026-04-29,dieu_chuyen,TH.AR.A01.0081,3.0,2331000.0,6993000.0,Điều chuyển từ Kho Lữ Gia → Nguyễn Văn Việt
2026-04-29,dieu_chuyen,TH.AR.A01.0081,2.0,2331000.0,4662000.0,Điều chuyển từ Kho Lữ Gia → Hà Minh Mẫn
2026-04-29,dieu_chuyen,TH.AR.A01.0084,3.0,2167200.0,6501600.0,Điều chuyển từ Kho Lữ Gia → Nguyễn Văn Việt
2026-04-29,dieu_chuyen,TH.AR.A01.0084,2.0,2167200.0,4334400.0,Điều chuyển từ Kho Lữ Gia → Hà Minh Mẫn
2026-04-29,dieu_chuyen,TH.AR.A01.0085,3.0,3339000.0,10017000.0,Điều chuyển từ Kho Lữ Gia → Nguyễn Văn Việt
2026-04-29,dieu_chuyen,TH.AR.A01.0085,2.0,3339000.0,6678000.0,Điều chuyển từ Kho Lữ Gia → Hà Minh Mẫn
2026-04-29,dieu_chuyen,TH.AR.A01.0108,1.0,7849800.0,7849800.0,Điều chuyển từ Kho Lữ Gia → Nguyễn Văn Việt
2026-04-29,dieu_chuyen,TH.AR.A01.0109,3.0,4510800.0,13532400.0,Điều chuyển từ Kho Lữ Gia → Phạm Xuân Hoàn
2026-04-29,dieu_chuyen,TH.AR.A01.0113,3.0,2167200.0,6501600.0,Điều chuyển từ Kho Lữ Gia → Nguyễn Văn Việt
2026-04-29,dieu_chuyen,TH.AR.A01.0113,2.0,2167200.0,4334400.0,Điều chuyển từ Kho Lữ Gia → Hà Minh Mẫn
2026-04-29,dieu_chuyen,TH.AR.A01.0114,3.0,3339000.0,10017000.0,Điều chuyển từ Kho Lữ Gia → Nguyễn Văn Việt
2026-04-29,dieu_chuyen,TH.AR.A01.0114,2.0,3339000.0,6678000.0,Điều chuyển từ Kho Lữ Gia → Hà Minh Mẫn
2026-04-29,dieu_chuyen,TH.AR.A01.0115,3.0,2167200.0,6501600.0,Điều chuyển từ Kho Lữ Gia → Nguyễn Văn Việt
2026-04-29,dieu_chuyen,TH.AR.A01.0115,2.0,2167200.0,4334400.0,Điều chuyển từ Kho Lữ Gia → Hà Minh Mẫn
2026-04-29,dieu_chuyen,TH.AR.A01.0116,3.0,3339000.0,10017000.0,Điều chuyển từ Kho Lữ Gia → Nguyễn Văn Việt
2026-04-29,dieu_chuyen,TH.AR.A01.0116,2.0,3339000.0,6678000.0,Điều chuyển từ Kho Lữ Gia → Hà Minh Mẫn
2026-04-29,dieu_chuyen,TH.AR.A01.0117,3.0,2167200.0,6501600.0,Điều chuyển từ Kho Lữ Gia → Nguyễn Văn Việt
2026-04-29,dieu_chuyen,TH.AR.A01.0117,2.0,2167200.0,4334400.0,Điều chuyển từ Kho Lữ Gia → Hà Minh Mẫn
2026-04-29,dieu_chuyen,TH.AR.A01.0118,3.0,3339000.0,10017000.0,Điều chuyển từ Kho Lữ Gia → Nguyễn Văn Việt
2026-04-29,dieu_chuyen,TH.AR.A01.0118,2.0,3339000.0,6678000.0,Điều chuyển từ Kho Lữ Gia → Hà Minh Mẫn
2026-04-29,dieu_chuyen,TH.AR.A01.0119,3.0,2167200.0,6501600.0,Điều chuyển từ Kho Lữ Gia → Nguyễn Văn Việt
2026-04-29,dieu_chuyen,TH.AR.A01.0119,2.0,2167200.0,4334400.0,Điều chuyển từ Kho Lữ Gia → Hà Minh Mẫn
2026-04-29,dieu_chuyen,TH.AR.A01.0122,3.0,6514200.0,19542600.0,Điều chuyển từ Kho Lữ Gia → Nguyễn Văn Việt
2026-04-29,dieu_chuyen,TH.AR.A01.0122,2.0,6514200.0,13028400.0,Điều chuyển từ Kho Lữ Gia → Hà Minh Mẫn
2026-04-29,dieu_chuyen,TH.AR.A01.0123,3.0,13872600.0,41617800.0,Điều chuyển từ Kho Lữ Gia → Nguyễn Văn Việt
2026-04-29,dieu_chuyen,TH.AR.A01.0123,2.0,13872600.0,27745200.0,Điều chuyển từ Kho Lữ Gia → Hà Minh Mẫn
2026-04-29,dieu_chuyen,TH.AR.A01.0125,3.0,5896800.0,17690400.0,Điều chuyển từ Kho Lữ Gia → Nguyễn Văn Việt
2026-04-29,dieu_chuyen,TH.AR.A01.0125,2.0,5896800.0,11793600.0,Điều chuyển từ Kho Lữ Gia → Hà Minh Mẫn
2026-04-29,dieu_chuyen,TH.AR.A01.0126,3.0,1663200.0,4989600.0,Điều chuyển từ Kho Lữ Gia → Nguyễn Văn Việt
2026-04-29,dieu_chuyen,TH.AR.A01.0126,2.0,1663200.0,3326400.0,Điều chuyển từ Kho Lữ Gia → Hà Minh Mẫn
2026-04-29,dieu_chuyen,TH.AR.A01.0128,3.0,8442000.0,25326000.0,Điều chuyển từ Kho Lữ Gia → Nguyễn Văn Việt
2026-04-29,dieu_chuyen,TH.AR.A01.0128,2.0,8442000.0,16884000.0,Điều chuyển từ Kho Lữ Gia → Hà Minh Mẫn
2026-04-29,dieu_chuyen,TH.AR.A01.0129,3.0,8442000.0,25326000.0,Điều chuyển từ Kho Lữ Gia → Nguyễn Văn Việt
2026-04-29,dieu_chuyen,TH.AR.A01.0129,2.0,8442000.0,16884000.0,Điều chuyển từ Kho Lữ Gia → Hà Minh Mẫn
2026-04-29,dieu_chuyen,TH.AR.A01.0130,1.0,3225600.0,3225600.0,Điều chuyển từ Kho Lữ Gia → Lê Quang Hoàng
2026-04-29,dieu_chuyen,TH.AR.A01.0131,1.0,3225600.0,3225600.0,Điều chuyển từ Kho Lữ Gia → Lê Quang Hoàng
2026-04-29,dieu_chuyen,TH.AR.A01.0132,1.0,3225600.0,3225600.0,Điều chuyển từ Kho Lữ Gia → Lê Quang Hoàng
2026-04-29,dieu_chuyen,TH.AR.A01.0133,1.0,3225600.0,3225600.0,Điều chuyển từ Kho Lữ Gia → Trần Ngọc Thọ
2026-04-29,dieu_chuyen,TH.AR.A01.0136,3.0,5443200.0,16329600.0,Điều chuyển từ Kho Lữ Gia → Nguyễn Văn Việt
2026-04-29,dieu_chuyen,TH.AR.A01.0136,2.0,5443200.0,10886400.0,Điều chuyển từ Kho Lữ Gia → Hà Minh Mẫn
2026-04-29,dieu_chuyen,TH.AR.A01.0137,3.0,5342400.0,16027200.0,Điều chuyển từ Kho Lữ Gia → Hà Minh Mẫn
2026-04-29,dieu_chuyen,TH.AR.A01.0137,1.0,5342400.0,5342400.0,Điều chuyển từ Kho Lữ Gia → Lê Quang Hoàng
2026-04-29,dieu_chuyen,TH.AR.A01.0137,1.0,5342400.0,5342400.0,Điều chuyển từ Kho Lữ Gia → Nguyễn Ngọc Hải
2026-04-29,dieu_chuyen,TH.AR.A01.0140,1.0,2835000.0,2835000.0,Điều chuyển từ Kho Lữ Gia → Lê Quang Hoàng
2026-04-29,dieu_chuyen,TH.AR.A01.0162,3.0,36099000.0,108297000.0,Điều chuyển từ Kho Lữ Gia → Hà Minh Mẫn
2026-04-29,dieu_chuyen,TH.AR.A01.0162,2.0,36099000.0,72198000.0,Giữ tại Kho Lữ Gia (chưa điều chuyển)
2026-04-29,dieu_chuyen,TH.AR.A01.0171,3.0,8555400.0,25666200.0,Điều chuyển từ Kho Lữ Gia → Nguyễn Văn Việt
2026-04-29,dieu_chuyen,TH.AR.A01.0171,2.0,8555400.0,17110800.0,Điều chuyển từ Kho Lữ Gia → Hà Minh Mẫn
2026-04-29,dieu_chuyen,TH.AR.A01.0180,3.0,38064600.0,114193800.0,Điều chuyển từ Kho Lữ Gia → Nguyễn Văn Việt
2026-04-29,dieu_chuyen,TH.AR.A01.0180,2.0,38064600.0,76129200.0,Điều chuyển từ Kho Lữ Gia → Hà Minh Mẫn
2026-04-29,dieu_chuyen,TH.AR.A01.0182,1.0,10306800.0,10306800.0,Điều chuyển từ Kho Lữ Gia → Nguyễn Văn Việt
2026-04-29,dieu_chuyen,TH.AR.A01.0183,4.0,6249600.0,24998400.0,Điều chuyển từ Kho Lữ Gia → Trần Ngọc Thọ
2026-04-29,dieu_chuyen,TH.AR.A01.0183,1.0,6249600.0,6249600.0,Điều chuyển từ Kho Lữ Gia → Nguyễn Văn Việt
2026-04-29,dieu_chuyen,TH.AR.A01.0185,2.0,8492400.0,16984800.0,Điều chuyển từ Kho Lữ Gia → Vũ Văn Kiên
2026-04-29,dieu_chuyen,TH.AR.A01.0197,4.0,12448800.0,49795200.0,Điều chuyển từ Kho Lữ Gia → Nguyễn Văn Việt
2026-04-29,dieu_chuyen,TH.AR.A01.0290,3.0,667800.0,2003400.0,Điều chuyển từ Kho Lữ Gia → Hà Minh Mẫn
2026-04-29,dieu_chuyen,TH.AR.A01.0290,27.0,667800.0,18030600.0,Giữ tại Kho Lữ Gia (chưa điều chuyển)
2026-04-29,dieu_chuyen,TH.AR.A01.0351,3.0,6350400.0,19051200.0,Điều chuyển từ Kho Lữ Gia → Hà Minh Mẫn
2026-04-29,dieu_chuyen,TH.AR.A01.0351,2.0,6350400.0,12700800.0,Giữ tại Kho Lữ Gia (chưa điều chuyển)
2026-04-29,dieu_chuyen,TH.AR.A02.0080,3.0,504000.0,1512000.0,Điều chuyển từ Kho Lữ Gia → Hà Minh Mẫn
2026-04-29,dieu_chuyen,TH.AR.A02.0080,1.0,504000.0,504000.0,Điều chuyển từ Kho Lữ Gia → Lê Quang Hoàng
2026-04-29,dieu_chuyen,TH.AR.A02.0080,1.0,504000.0,504000.0,Điều chuyển từ Kho Lữ Gia → Nguyễn Ngọc Hải
2026-04-29,dieu_chuyen,TH.AR.A02.0080,1.0,504000.0,504000.0,Điều chuyển từ Kho Lữ Gia → Trần Ngọc Thọ
2026-04-29,dieu_chuyen,TH.AR.A02.0089,4.0,907200.0,3628800.0,Điều chuyển từ Kho Lữ Gia → Nguyễn Văn Việt
2026-04-29,dieu_chuyen,TH.AR.A02.0089,3.0,907200.0,2721600.0,Điều chuyển từ Kho Lữ Gia → Hà Minh Mẫn
2026-04-29,dieu_chuyen,TH.AR.A02.0089,2.0,907200.0,1814400.0,Điều chuyển từ Kho Lữ Gia → Phạm Xuân Hoàn
2026-04-29,dieu_chuyen,TH.AR.A02.0089,2.0,907200.0,1814400.0,Điều chuyển từ Kho Lữ Gia → Phạm Đức Huy
2026-04-29,dieu_chuyen,TH.AR.A02.0089,2.0,907200.0,1814400.0,Điều chuyển từ Kho Lữ Gia → Nguyễn Ngọc Hải
2026-04-29,dieu_chuyen,TH.AR.A02.0089,1.0,907200.0,907200.0,Điều chuyển từ Kho Lữ Gia → Nguyễn Ngọc Sơn
2026-04-29,dieu_chuyen,TH.AR.A02.0089,1.0,907200.0,907200.0,Điều chuyển từ Kho Lữ Gia → Lê Quang Hoàng
2026-04-29,dieu_chuyen,TH.AR.A02.0089,1.0,907200.0,907200.0,Điều chuyển từ Kho Lữ Gia → Lê Quang Hoàng
2026-04-29,dieu_chuyen,TH.AR.A02.0089,1.0,907200.0,907200.0,Điều chuyển từ Kho Lữ Gia → Vũ Văn Kiên
2026-04-29,dieu_chuyen,TH.AR.A02.0089,4.0,907200.0,3628800.0,Giữ tại Kho Lữ Gia (chưa điều chuyển)
2026-04-29,dieu_chuyen,TH.AR.A04.0002,1.0,139809600.0,139809600.0,Điều chuyển từ Kho 89 LĐC → nan
2026-04-29,dieu_chuyen,TH.AR.A04.0002,1.0,139809600.0,139809600.0,Điều chuyển từ Kho 89 LĐC → nan
2026-04-29,dieu_chuyen,TH.AR.A04.0004,1.0,140414400.0,140414400.0,Điều chuyển từ Kho 89 LĐC → nan
2026-04-29,dieu_chuyen,TH.AR.A04.0004,1.0,140414400.0,140414400.0,Điều chuyển từ Kho 89 LĐC → nan
2026-05-14,dieu_chuyen,TH.AR.A04.0005,1.0,83575800.0,83575800.0,Điều chuyển từ Kho 89 LĐC → nan
2026-05-14,dieu_chuyen,TH.AR.A04.0005,1.0,83575800.0,83575800.0,Giữ tại Kho 89 LĐC (chưa điều chuyển)
2026-06-05,dieu_chuyen,TH.AR.A04.0012,1.0,59673600.0,59673600.0,Điều chuyển từ Kho 89 LĐC → nan
2026-06-05,dieu_chuyen,TH.AR.A04.0012,1.0,59673600.0,59673600.0,Điều chuyển từ Kho 89 LĐC → nan
2026-06-05,dieu_chuyen,TH.AR.A04.0012,1.0,59673600.0,59673600.0,Điều chuyển từ Kho 89 LĐC → nan
2026-06-05,dieu_chuyen,TH.AR.A04.0012,1.0,59673600.0,59673600.0,Điều chuyển từ Kho 89 LĐC → nan
2026-04-29,dieu_chuyen,TH.AR.A04.0014,1.0,81068400.0,81068400.0,Điều chuyển từ Kho 89 LĐC → nan
2026-04-29,dieu_chuyen,TH.AR.A04.0015,1.0,82227600.0,82227600.0,Điều chuyển từ Kho 89 LĐC → nan
2026-06-17,dieu_chuyen,TH.AR.A04.0016,1.0,96957000.0,96957000.0,Điều chuyển từ Kho 89 LĐC → nan
2026-06-17,dieu_chuyen,TH.AR.A04.0016,1.0,96957000.0,96957000.0,Điều chuyển từ Kho 89 LĐC → nan
2026-06-17,dieu_chuyen,TH.AR.A04.0016,7.0,96957000.0,678699000.0,Giữ tại Kho 89 LĐC (chưa điều chuyển)
2026-05-14,dieu_chuyen,TH.AR.A04.0023,1.0,2100000.0,2100000.0,Điều chuyển từ Kho 89 LĐC → Phạm Đình Sơn
2026-04-29,dieu_chuyen,TH.AR.A04.0024,1.0,292546800.0,292546800.0,Điều chuyển từ Kho 89 LĐC → nan
2026-04-29,dieu_chuyen,TH.AR.A04.0024,1.0,292546800.0,292546800.0,Điều chuyển từ Kho 89 LĐC → nan
